"HITId","HITTypeId","Title","Description","Keywords","Reward","CreationTime","MaxAssignments","RequesterAnnotation","AssignmentDurationInSeconds","AutoApprovalDelayInSeconds","Expiration","NumberOfSimilarHITs","LifetimeInSeconds","AssignmentId","WorkerId","AssignmentStatus","AcceptTime","SubmitTime","AutoApprovalTime","ApprovalTime","RejectionTime","RequesterFeedback","WorkTimeInSeconds","LifetimeApprovalRate","Last30DaysApprovalRate","Last7DaysApprovalRate","Input.og_image","Input.updated_image","Input.gold_standard","Input.set","Input.group","Answer.description","Approve","Reject"
"3RHLQY6EDVEE01DTRMJUXGHD3OB4DG","3M6I6ITMWC45FX8AJBVOLZBA18WQDG","Write a description to transform the left avatar into the right avatar","Given an image of two avatars, write a sentence describing the changes to transform avatar 1 into avatar 2.","image, summarization","$0.01","Fri Apr 23 15:18:59 PDT 2021","3","BatchId:4419247;OriginalHitTemplateId:928390876;","3600","259200","Fri Apr 30 15:18:59 PDT 2021","","","35USIKEBNUQ4OK6EP6VEF39809U6NI","A1UBLIWJ572DMH","Approved","Fri Apr 23 16:49:30 PDT 2021","Fri Apr 23 16:50:16 PDT 2021","Mon Apr 26 16:50:16 PDT 2021","Mon Apr 26 16:50:57 PDT 2021","","","46","100% (21/21)","100% (21/21)","100% (21/21)","https://i.postimg.cc/3wvyVHpd/Avatar-Maker.png","https://i.postimg.cc/7ZcGKL5F/Avatar-Maker-1.png","Made the eyebrows thicker.","1","1","Left avatar must enhance eyebrows to thicken them"
"3RHLQY6EDVEE01DTRMJUXGHD3OB4DG","3M6I6ITMWC45FX8AJBVOLZBA18WQDG","Write a description to transform the left avatar into the right avatar","Given an image of two avatars, write a sentence describing the changes to transform avatar 1 into avatar 2.","image, summarization","$0.01","Fri Apr 23 15:18:59 PDT 2021","3","BatchId:4419247;OriginalHitTemplateId:928390876;","3600","259200","Fri Apr 30 15:18:59 PDT 2021","","","3GLB5JMZF05XZ147CPQXVPA3GJODG2","AJKPWDUFU6KVZ","Approved","Fri Apr 23 16:06:37 PDT 2021","Fri Apr 23 16:07:25 PDT 2021","Mon Apr 26 16:07:25 PDT 2021","Mon Apr 26 16:07:57 PDT 2021","","","48","100% (20/20)","100% (20/20)","100% (20/20)","https://i.postimg.cc/3wvyVHpd/Avatar-Maker.png","https://i.postimg.cc/7ZcGKL5F/Avatar-Maker-1.png","Made the eyebrows thicker.","1","1","her eyebrown look different but it doesnt change her facial expression"
"3RHLQY6EDVEE01DTRMJUXGHD3OB4DG","3M6I6ITMWC45FX8AJBVOLZBA18WQDG","Write a description to transform the left avatar into the right avatar","Given an image of two avatars, write a sentence describing the changes to transform avatar 1 into avatar 2.","image, summarization","$0.01","Fri Apr 23 15:18:59 PDT 2021","3","BatchId:4419247;OriginalHitTemplateId:928390876;","3600","259200","Fri Apr 30 15:18:59 PDT 2021","","","3O6CYIULEGBFDP5TDPK4RS0FW7AUWT","AE6ZTB79U0IGH","Approved","Fri Apr 23 16:17:35 PDT 2021","Fri Apr 23 16:17:55 PDT 2021","Mon Apr 26 16:17:55 PDT 2021","Mon Apr 26 16:17:57 PDT 2021","","","20","100% (24/24)","100% (24/24)","100% (24/24)","https://i.postimg.cc/3wvyVHpd/Avatar-Maker.png","https://i.postimg.cc/7ZcGKL5F/Avatar-Maker-1.png","Made the eyebrows thicker.","1","1","Make the eyebrows thicker"
"32W3UF2EZQV4V97FRQOJDAZVIOZ4CG","3M6I6ITMWC45FX8AJBVOLZBA18WQDG","Write a description to transform the left avatar into the right avatar","Given an image of two avatars, write a sentence describing the changes to transform avatar 1 into avatar 2.","image, summarization","$0.01","Fri Apr 23 15:18:59 PDT 2021","3","BatchId:4419247;OriginalHitTemplateId:928390876;","3600","259200","Fri Apr 30 15:18:59 PDT 2021","","","33CUSNVVNQM6PR2YCJ3THKF4H9H88E","AE6ZTB79U0IGH","Approved","Fri Apr 23 16:26:21 PDT 2021","Fri Apr 23 16:26:58 PDT 2021","Mon Apr 26 16:26:58 PDT 2021","Mon Apr 26 16:27:57 PDT 2021","","","37","100% (24/24)","100% (24/24)","100% (24/24)","https://i.postimg.cc/3wvyVHpd/Avatar-Maker.png","https://i.postimg.cc/ydCJzrXn/Avatar-Maker-2.png","Made the eyes bigger and more open, and added some eyelashes. Looked more surprised.","1","2","Turn the eyes into giant circular eyes"
"32W3UF2EZQV4V97FRQOJDAZVIOZ4CG","3M6I6ITMWC45FX8AJBVOLZBA18WQDG","Write a description to transform the left avatar into the right avatar","Given an image of two avatars, write a sentence describing the changes to transform avatar 1 into avatar 2.","image, summarization","$0.01","Fri Apr 23 15:18:59 PDT 2021","3","BatchId:4419247;OriginalHitTemplateId:928390876;","3600","259200","Fri Apr 30 15:18:59 PDT 2021","","","3E47SOBEYT61Q04O2HVPWV51AW5CIU","AJKPWDUFU6KVZ","Approved","Fri Apr 23 16:11:44 PDT 2021","Fri Apr 23 16:12:33 PDT 2021","Mon Apr 26 16:12:33 PDT 2021","Mon Apr 26 16:12:57 PDT 2021","","","49","100% (20/20)","100% (20/20)","100% (20/20)","https://i.postimg.cc/3wvyVHpd/Avatar-Maker.png","https://i.postimg.cc/ydCJzrXn/Avatar-Maker-2.png","Made the eyes bigger and more open, and added some eyelashes. Looked more surprised.","1","2","in the first one she look normal, in the second one she look surprised because of her eyes"
"32W3UF2EZQV4V97FRQOJDAZVIOZ4CG","3M6I6ITMWC45FX8AJBVOLZBA18WQDG","Write a description to transform the left avatar into the right avatar","Given an image of two avatars, write a sentence describing the changes to transform avatar 1 into avatar 2.","image, summarization","$0.01","Fri Apr 23 15:18:59 PDT 2021","3","BatchId:4419247;OriginalHitTemplateId:928390876;","3600","259200","Fri Apr 30 15:18:59 PDT 2021","","","3S96KQ6I9PE146QDWPP4U8PS6D3TDY","A1UBLIWJ572DMH","Approved","Fri Apr 23 16:55:36 PDT 2021","Fri Apr 23 16:55:59 PDT 2021","Mon Apr 26 16:55:59 PDT 2021","Mon Apr 26 16:56:57 PDT 2021","","","23","100% (21/21)","100% (21/21)","100% (21/21)","https://i.postimg.cc/3wvyVHpd/Avatar-Maker.png","https://i.postimg.cc/ydCJzrXn/Avatar-Maker-2.png","Made the eyes bigger and more open, and added some eyelashes. Looked more surprised.","1","2","Left avatar must open her eyes as widely as she possibly can"
"3P4C70TRMTRDATU5Z4JJPIML22MGLV","3M6I6ITMWC45FX8AJBVOLZBA18WQDG","Write a description to transform the left avatar into the right avatar","Given an image of two avatars, write a sentence describing the changes to transform avatar 1 into avatar 2.","image, summarization","$0.01","Fri Apr 23 15:18:59 PDT 2021","3","BatchId:4419247;OriginalHitTemplateId:928390876;","3600","259200","Fri Apr 30 15:18:59 PDT 2021","","","3S3AMIZX3XFKIPO2A3UE5YPOISDCDA","A3B0AB2C9SIHN","Approved","Fri Apr 23 18:11:05 PDT 2021","Fri Apr 23 18:12:11 PDT 2021","Mon Apr 26 18:12:11 PDT 2021","Mon Apr 26 18:13:02 PDT 2021","","","66","100% (16/16)","100% (16/16)","100% (16/16)","https://i.postimg.cc/3wvyVHpd/Avatar-Maker.png","https://i.postimg.cc/vB748L0y/Avatar-Maker-3.png","Made the mouth open into a smile with teeth showing.","1","3","make the mouth open and smily and eyes little bit open"
"3P4C70TRMTRDATU5Z4JJPIML22MGLV","3M6I6ITMWC45FX8AJBVOLZBA18WQDG","Write a description to transform the left avatar into the right avatar","Given an image of two avatars, write a sentence describing the changes to transform avatar 1 into avatar 2.","image, summarization","$0.01","Fri Apr 23 15:18:59 PDT 2021","3","BatchId:4419247;OriginalHitTemplateId:928390876;","3600","259200","Fri Apr 30 15:18:59 PDT 2021","","","3Z3ZLGNNSL4QUYWOMWPXCUSTVT9Q3D","AE6ZTB79U0IGH","Approved","Fri Apr 23 16:13:22 PDT 2021","Fri Apr 23 16:13:43 PDT 2021","Mon Apr 26 16:13:43 PDT 2021","Mon Apr 26 16:13:57 PDT 2021","","","21","100% (24/24)","100% (24/24)","100% (24/24)","https://i.postimg.cc/3wvyVHpd/Avatar-Maker.png","https://i.postimg.cc/vB748L0y/Avatar-Maker-3.png","Made the mouth open into a smile with teeth showing.","1","3","Open the mouth and show the teeth while smiling"
"3P4C70TRMTRDATU5Z4JJPIML22MGLV","3M6I6ITMWC45FX8AJBVOLZBA18WQDG","Write a description to transform the left avatar into the right avatar","Given an image of two avatars, write a sentence describing the changes to transform avatar 1 into avatar 2.","image, summarization","$0.01","Fri Apr 23 15:18:59 PDT 2021","3","BatchId:4419247;OriginalHitTemplateId:928390876;","3600","259200","Fri Apr 30 15:18:59 PDT 2021","","","3Z9WI9EOZ2YJD35SOCU2K2HUFS4HKO","A1UBLIWJ572DMH","Approved","Fri Apr 23 16:43:30 PDT 2021","Fri Apr 23 16:44:01 PDT 2021","Mon Apr 26 16:44:01 PDT 2021","Mon Apr 26 16:44:57 PDT 2021","","","31","100% (21/21)","100% (21/21)","100% (21/21)","https://i.postimg.cc/3wvyVHpd/Avatar-Maker.png","https://i.postimg.cc/vB748L0y/Avatar-Maker-3.png","Made the mouth open into a smile with teeth showing.","1","3","Left avatar must open lips in pleasant smile"
"3GV1I4SEOBZBD05ZNRAXDR9W8OJ6LJ","3M6I6ITMWC45FX8AJBVOLZBA18WQDG","Write a description to transform the left avatar into the right avatar","Given an image of two avatars, write a sentence describing the changes to transform avatar 1 into avatar 2.","image, summarization","$0.01","Fri Apr 23 15:18:59 PDT 2021","3","BatchId:4419247;OriginalHitTemplateId:928390876;","3600","259200","Fri Apr 30 15:18:59 PDT 2021","","","38BQUHLA9ZAOV8RID128JO6ZGJDMOM","A1UBLIWJ572DMH","Approved","Fri Apr 23 16:44:01 PDT 2021","Fri Apr 23 16:44:31 PDT 2021","Mon Apr 26 16:44:31 PDT 2021","Mon Apr 26 16:44:57 PDT 2021","","","30","100% (21/21)","100% (21/21)","100% (21/21)","https://i.postimg.cc/3wvyVHpd/Avatar-Maker.png","https://i.postimg.cc/XvLMVr9h/Avatar-Maker-4.png","Made the eyebrows thicker. Made the eyes bigger and more open, and added some eyelashes. Looked more surprised.","1","4","Left avatar must open eyes widely"
"3GV1I4SEOBZBD05ZNRAXDR9W8OJ6LJ","3M6I6ITMWC45FX8AJBVOLZBA18WQDG","Write a description to transform the left avatar into the right avatar","Given an image of two avatars, write a sentence describing the changes to transform avatar 1 into avatar 2.","image, summarization","$0.01","Fri Apr 23 15:18:59 PDT 2021","3","BatchId:4419247;OriginalHitTemplateId:928390876;","3600","259200","Fri Apr 30 15:18:59 PDT 2021","","","3B2X28YI3ZP2NBHHMGQ5O89EJK7B6P","AE6ZTB79U0IGH","Approved","Fri Apr 23 15:53:16 PDT 2021","Fri Apr 23 16:13:21 PDT 2021","Mon Apr 26 16:13:21 PDT 2021","Mon Apr 26 16:13:57 PDT 2021","","","1205","100% (24/24)","100% (24/24)","100% (24/24)","https://i.postimg.cc/3wvyVHpd/Avatar-Maker.png","https://i.postimg.cc/XvLMVr9h/Avatar-Maker-4.png","Made the eyebrows thicker. Made the eyes bigger and more open, and added some eyelashes. Looked more surprised.","1","4","Enlarge the eyes"
"3GV1I4SEOBZBD05ZNRAXDR9W8OJ6LJ","3M6I6ITMWC45FX8AJBVOLZBA18WQDG","Write a description to transform the left avatar into the right avatar","Given an image of two avatars, write a sentence describing the changes to transform avatar 1 into avatar 2.","image, summarization","$0.01","Fri Apr 23 15:18:59 PDT 2021","3","BatchId:4419247;OriginalHitTemplateId:928390876;","3600","259200","Fri Apr 30 15:18:59 PDT 2021","","","3F1567XTNZFC90L435Q737VFVMYQ9B","A3B0AB2C9SIHN","Approved","Fri Apr 23 18:05:02 PDT 2021","Fri Apr 23 18:05:58 PDT 2021","Mon Apr 26 18:05:58 PDT 2021","Mon Apr 26 18:06:02 PDT 2021","","","56","100% (16/16)","100% (16/16)","100% (16/16)","https://i.postimg.cc/3wvyVHpd/Avatar-Maker.png","https://i.postimg.cc/XvLMVr9h/Avatar-Maker-4.png","Made the eyebrows thicker. Made the eyes bigger and more open, and added some eyelashes. Looked more surprised.","1","4","make the eyes open wide and round thicken the eyebrows"
"38EHZ67RIO2XGBCQZGKYPV1A27CGMX","3M6I6ITMWC45FX8AJBVOLZBA18WQDG","Write a description to transform the left avatar into the right avatar","Given an image of two avatars, write a sentence describing the changes to transform avatar 1 into avatar 2.","image, summarization","$0.01","Fri Apr 23 15:18:59 PDT 2021","3","BatchId:4419247;OriginalHitTemplateId:928390876;","3600","259200","Fri Apr 30 15:18:59 PDT 2021","","","3570Y55XZST0XCZY8LDB8AK4Y71YG2","A1UBLIWJ572DMH","Approved","Fri Apr 23 16:55:59 PDT 2021","Fri Apr 23 16:56:23 PDT 2021","Mon Apr 26 16:56:23 PDT 2021","Mon Apr 26 16:56:57 PDT 2021","","","24","100% (21/21)","100% (21/21)","100% (21/21)","https://i.postimg.cc/3wvyVHpd/Avatar-Maker.png","https://i.postimg.cc/2yqgFTgR/Avatar-Maker-5.png","Made the eyes bigger and more open, and added some eyelashes. Looked more surprised. Made the mouth open into a smile with teeth showing.","1","5","Left avatar must open her eyes as widely as she possibly can. Additionally, she needs to broaden her smile and expose her teeth"
"38EHZ67RIO2XGBCQZGKYPV1A27CGMX","3M6I6ITMWC45FX8AJBVOLZBA18WQDG","Write a description to transform the left avatar into the right avatar","Given an image of two avatars, write a sentence describing the changes to transform avatar 1 into avatar 2.","image, summarization","$0.01","Fri Apr 23 15:18:59 PDT 2021","3","BatchId:4419247;OriginalHitTemplateId:928390876;","3600","259200","Fri Apr 30 15:18:59 PDT 2021","","","39ASUFLU60HDDTDXXU1LPTSJJLNXE9","AE6ZTB79U0IGH","Approved","Fri Apr 23 16:24:17 PDT 2021","Fri Apr 23 16:24:45 PDT 2021","Mon Apr 26 16:24:45 PDT 2021","Mon Apr 26 16:24:57 PDT 2021","","","28","100% (24/24)","100% (24/24)","100% (24/24)","https://i.postimg.cc/3wvyVHpd/Avatar-Maker.png","https://i.postimg.cc/2yqgFTgR/Avatar-Maker-5.png","Made the eyes bigger and more open, and added some eyelashes. Looked more surprised. Made the mouth open into a smile with teeth showing.","1","5","Make the eyes much larger and circular, open the mouth to reveal teeth while smiling"
"38EHZ67RIO2XGBCQZGKYPV1A27CGMX","3M6I6ITMWC45FX8AJBVOLZBA18WQDG","Write a description to transform the left avatar into the right avatar","Given an image of two avatars, write a sentence describing the changes to transform avatar 1 into avatar 2.","image, summarization","$0.01","Fri Apr 23 15:18:59 PDT 2021","3","BatchId:4419247;OriginalHitTemplateId:928390876;","3600","259200","Fri Apr 30 15:18:59 PDT 2021","","","3MAOD8E57TKH7ZQAQT44FGMSXDKNXK","AJKPWDUFU6KVZ","Approved","Fri Apr 23 15:53:44 PDT 2021","Fri Apr 23 15:54:25 PDT 2021","Mon Apr 26 15:54:25 PDT 2021","Mon Apr 26 15:54:57 PDT 2021","","","41","100% (20/20)","100% (20/20)","100% (20/20)","https://i.postimg.cc/3wvyVHpd/Avatar-Maker.png","https://i.postimg.cc/2yqgFTgR/Avatar-Maker-5.png","Made the eyes bigger and more open, and added some eyelashes. Looked more surprised. Made the mouth open into a smile with teeth showing.","1","5","in the first one she look more chill, and in the second her eyes and mouth make her look excited"
"3IYI9285WUAUYRQ0UXBNJCOE0LPJCM","3M6I6ITMWC45FX8AJBVOLZBA18WQDG","Write a description to transform the left avatar into the right avatar","Given an image of two avatars, write a sentence describing the changes to transform avatar 1 into avatar 2.","image, summarization","$0.01","Fri Apr 23 15:18:59 PDT 2021","3","BatchId:4419247;OriginalHitTemplateId:928390876;","3600","259200","Fri Apr 30 15:18:59 PDT 2021","","","374TNBHA8E5RA1TCBHIN2OO64U3QYI","AJKPWDUFU6KVZ","Approved","Fri Apr 23 16:08:35 PDT 2021","Fri Apr 23 16:09:18 PDT 2021","Mon Apr 26 16:09:18 PDT 2021","Mon Apr 26 16:09:57 PDT 2021","","","43","100% (20/20)","100% (20/20)","100% (20/20)","https://i.postimg.cc/3wvyVHpd/Avatar-Maker.png","https://i.postimg.cc/FRHM1hZK/Avatar-Maker-6.png","Made the eyebrows thicker. Made the mouth open into a smile with teeth showing.","1","6","in the first one she look normal and her smile in the second one make her look happy"
"3IYI9285WUAUYRQ0UXBNJCOE0LPJCM","3M6I6ITMWC45FX8AJBVOLZBA18WQDG","Write a description to transform the left avatar into the right avatar","Given an image of two avatars, write a sentence describing the changes to transform avatar 1 into avatar 2.","image, summarization","$0.01","Fri Apr 23 15:18:59 PDT 2021","3","BatchId:4419247;OriginalHitTemplateId:928390876;","3600","259200","Fri Apr 30 15:18:59 PDT 2021","","","3B3WTRP3DECVHHJJ1U067PXCFF092U","ARJDD0Z3R65BD","Approved","Fri Apr 23 15:35:46 PDT 2021","Fri Apr 23 15:35:52 PDT 2021","Mon Apr 26 15:35:52 PDT 2021","Mon Apr 26 15:35:57 PDT 2021","","","6","100% (3/3)","100% (3/3)","100% (3/3)","https://i.postimg.cc/3wvyVHpd/Avatar-Maker.png","https://i.postimg.cc/FRHM1hZK/Avatar-Maker-6.png","Made the eyebrows thicker. Made the mouth open into a smile with teeth showing.","1","6","She was serious, but soon after she was happy."
"3IYI9285WUAUYRQ0UXBNJCOE0LPJCM","3M6I6ITMWC45FX8AJBVOLZBA18WQDG","Write a description to transform the left avatar into the right avatar","Given an image of two avatars, write a sentence describing the changes to transform avatar 1 into avatar 2.","image, summarization","$0.01","Fri Apr 23 15:18:59 PDT 2021","3","BatchId:4419247;OriginalHitTemplateId:928390876;","3600","259200","Fri Apr 30 15:18:59 PDT 2021","","","3ZAZR5XV04SNLQTY2LJBWQ8R69CZCJ","A1UBLIWJ572DMH","Approved","Fri Apr 23 16:45:02 PDT 2021","Fri Apr 23 16:45:51 PDT 2021","Mon Apr 26 16:45:51 PDT 2021","Mon Apr 26 16:45:57 PDT 2021","","","49","100% (21/21)","100% (21/21)","100% (21/21)","https://i.postimg.cc/3wvyVHpd/Avatar-Maker.png","https://i.postimg.cc/FRHM1hZK/Avatar-Maker-6.png","Made the eyebrows thicker. Made the mouth open into a smile with teeth showing.","1","6","Left avatar must smile with teeth exposed and enhance eyebrows to add thickness"
"3W0XM68YZR55M8MKWLMF3V50BDY1KD","3M6I6ITMWC45FX8AJBVOLZBA18WQDG","Write a description to transform the left avatar into the right avatar","Given an image of two avatars, write a sentence describing the changes to transform avatar 1 into avatar 2.","image, summarization","$0.01","Fri Apr 23 15:18:59 PDT 2021","3","BatchId:4419247;OriginalHitTemplateId:928390876;","3600","259200","Fri Apr 30 15:18:59 PDT 2021","","","34S6N1K2ZYTUX9NA9C63Z2U94SYLHK","ARJDD0Z3R65BD","Approved","Fri Apr 23 15:32:53 PDT 2021","Fri Apr 23 15:33:44 PDT 2021","Mon Apr 26 15:33:44 PDT 2021","Mon Apr 26 15:33:57 PDT 2021","","","51","100% (3/3)","100% (3/3)","100% (3/3)","https://i.postimg.cc/3wvyVHpd/Avatar-Maker.png","https://i.postimg.cc/fLq6912f/Avatar-Maker-7.png","Made the eyebrows thicker. Made the eyes bigger and more open, and added some eyelashes. Looked more surprised. Made the mouth open into a smile with teeth showing.","1","7","Scared"
"3W0XM68YZR55M8MKWLMF3V50BDY1KD","3M6I6ITMWC45FX8AJBVOLZBA18WQDG","Write a description to transform the left avatar into the right avatar","Given an image of two avatars, write a sentence describing the changes to transform avatar 1 into avatar 2.","image, summarization","$0.01","Fri Apr 23 15:18:59 PDT 2021","3","BatchId:4419247;OriginalHitTemplateId:928390876;","3600","259200","Fri Apr 30 15:18:59 PDT 2021","","","39GXDJN2OWO403YBKCE39YZCS798VA","A1LRQ2E36D444P","Approved","Fri Apr 23 15:22:03 PDT 2021","Fri Apr 23 15:23:00 PDT 2021","Mon Apr 26 15:23:00 PDT 2021","Mon Apr 26 15:23:57 PDT 2021","","","57","100% (1/1)","100% (1/1)","100% (1/1)","https://i.postimg.cc/3wvyVHpd/Avatar-Maker.png","https://i.postimg.cc/fLq6912f/Avatar-Maker-7.png","Made the eyebrows thicker. Made the eyes bigger and more open, and added some eyelashes. Looked more surprised. Made the mouth open into a smile with teeth showing.","1","7","The avatar needs to widen their eyes, smile, and draw on thicker eyebrows."
"3W0XM68YZR55M8MKWLMF3V50BDY1KD","3M6I6ITMWC45FX8AJBVOLZBA18WQDG","Write a description to transform the left avatar into the right avatar","Given an image of two avatars, write a sentence describing the changes to transform avatar 1 into avatar 2.","image, summarization","$0.01","Fri Apr 23 15:18:59 PDT 2021","3","BatchId:4419247;OriginalHitTemplateId:928390876;","3600","259200","Fri Apr 30 15:18:59 PDT 2021","","","3OS46CRSLI9HWPFNRXH5PK3LMCVV6N","A1UBLIWJ572DMH","Approved","Fri Apr 23 16:47:00 PDT 2021","Fri Apr 23 16:47:36 PDT 2021","Mon Apr 26 16:47:36 PDT 2021","Mon Apr 26 16:47:57 PDT 2021","","","36","100% (21/21)","100% (21/21)","100% (21/21)","https://i.postimg.cc/3wvyVHpd/Avatar-Maker.png","https://i.postimg.cc/fLq6912f/Avatar-Maker-7.png","Made the eyebrows thicker. Made the eyes bigger and more open, and added some eyelashes. Looked more surprised. Made the mouth open into a smile with teeth showing.","1","7","Left avatar must open eyes very widely, smile and expose teeth, and enhance eyebrows to add thickness"
"3Z56AA6EK6AVJINKN3BCD4OL8T96ML","3M6I6ITMWC45FX8AJBVOLZBA18WQDG","Write a description to transform the left avatar into the right avatar","Given an image of two avatars, write a sentence describing the changes to transform avatar 1 into avatar 2.","image, summarization","$0.01","Fri Apr 23 15:18:59 PDT 2021","3","BatchId:4419247;OriginalHitTemplateId:928390876;","3600","259200","Fri Apr 30 15:18:59 PDT 2021","","","3RU7GD8VPR39E3GOCYB9KXAVIE1SPX","A3B0AB2C9SIHN","Approved","Fri Apr 23 18:03:44 PDT 2021","Fri Apr 23 18:04:39 PDT 2021","Mon Apr 26 18:04:39 PDT 2021","Mon Apr 26 18:05:02 PDT 2021","","","55","100% (16/16)","100% (16/16)","100% (16/16)","https://i.postimg.cc/kGqP9Wpk/Avatar-Maker.png","https://i.postimg.cc/0yBvmMzw/Avatar-Maker-1.png","Made the eyebrows thinner and pointing downward into a sad expression.","2","1","make the eyebrows thin and sharp"
"3Z56AA6EK6AVJINKN3BCD4OL8T96ML","3M6I6ITMWC45FX8AJBVOLZBA18WQDG","Write a description to transform the left avatar into the right avatar","Given an image of two avatars, write a sentence describing the changes to transform avatar 1 into avatar 2.","image, summarization","$0.01","Fri Apr 23 15:18:59 PDT 2021","3","BatchId:4419247;OriginalHitTemplateId:928390876;","3600","259200","Fri Apr 30 15:18:59 PDT 2021","","","3SNVL38CI72SWVUC2KG19BKE20NCKY","A33NRKW19AWXM2","Approved","Fri Apr 23 15:22:28 PDT 2021","Fri Apr 23 15:30:04 PDT 2021","Mon Apr 26 15:30:04 PDT 2021","Mon Apr 26 15:30:57 PDT 2021","","","456","100% (6/6)","100% (6/6)","100% (6/6)","https://i.postimg.cc/kGqP9Wpk/Avatar-Maker.png","https://i.postimg.cc/0yBvmMzw/Avatar-Maker-1.png","Made the eyebrows thinner and pointing downward into a sad expression.","2","1","Seem to be with an expression of worry on Monday."
"3Z56AA6EK6AVJINKN3BCD4OL8T96ML","3M6I6ITMWC45FX8AJBVOLZBA18WQDG","Write a description to transform the left avatar into the right avatar","Given an image of two avatars, write a sentence describing the changes to transform avatar 1 into avatar 2.","image, summarization","$0.01","Fri Apr 23 15:18:59 PDT 2021","3","BatchId:4419247;OriginalHitTemplateId:928390876;","3600","259200","Fri Apr 30 15:18:59 PDT 2021","","","3WLEIWSYHRROWN12Z6OYK6V0YSJH23","A1UBLIWJ572DMH","Approved","Fri Apr 23 16:52:43 PDT 2021","Fri Apr 23 16:53:26 PDT 2021","Mon Apr 26 16:53:26 PDT 2021","Mon Apr 26 16:53:57 PDT 2021","","","43","100% (21/21)","100% (21/21)","100% (21/21)","https://i.postimg.cc/kGqP9Wpk/Avatar-Maker.png","https://i.postimg.cc/0yBvmMzw/Avatar-Maker-1.png","Made the eyebrows thinner and pointing downward into a sad expression.","2","1","Left avatar must have her eyebrows waxed to make them more thin, and additionally she needs to change her eyebrow position from an angry position to a worry position"
"3IJ95K7NDZM3YTXQBHZY2AQA7XMGNX","3M6I6ITMWC45FX8AJBVOLZBA18WQDG","Write a description to transform the left avatar into the right avatar","Given an image of two avatars, write a sentence describing the changes to transform avatar 1 into avatar 2.","image, summarization","$0.01","Fri Apr 23 15:18:59 PDT 2021","3","BatchId:4419247;OriginalHitTemplateId:928390876;","3600","259200","Fri Apr 30 15:18:59 PDT 2021","","","33SA9F9TR04YOT87NP5ZNAECAJHEWX","AE6ZTB79U0IGH","Approved","Fri Apr 23 16:21:37 PDT 2021","Fri Apr 23 16:22:06 PDT 2021","Mon Apr 26 16:22:06 PDT 2021","Mon Apr 26 16:22:57 PDT 2021","","","29","100% (24/24)","100% (24/24)","100% (24/24)","https://i.postimg.cc/kGqP9Wpk/Avatar-Maker.png","https://i.postimg.cc/Zn77g3tP/Avatar-Maker-2.png","Added more eyelashes to the eyes and made the eyeliners thicker. Also made the eyes less squinty.","2","2","Enlarge the eyes and make the pupils more visible"
"3IJ95K7NDZM3YTXQBHZY2AQA7XMGNX","3M6I6ITMWC45FX8AJBVOLZBA18WQDG","Write a description to transform the left avatar into the right avatar","Given an image of two avatars, write a sentence describing the changes to transform avatar 1 into avatar 2.","image, summarization","$0.01","Fri Apr 23 15:18:59 PDT 2021","3","BatchId:4419247;OriginalHitTemplateId:928390876;","3600","259200","Fri Apr 30 15:18:59 PDT 2021","","","3HMVI3QICM23TX9VQ2S81NGYWI4Y1O","A33NRKW19AWXM2","Approved","Fri Apr 23 15:20:14 PDT 2021","Fri Apr 23 15:27:02 PDT 2021","Mon Apr 26 15:27:02 PDT 2021","Mon Apr 26 15:27:57 PDT 2021","","","408","100% (6/6)","100% (6/6)","100% (6/6)","https://i.postimg.cc/kGqP9Wpk/Avatar-Maker.png","https://i.postimg.cc/Zn77g3tP/Avatar-Maker-2.png","Added more eyelashes to the eyes and made the eyeliners thicker. Also made the eyes less squinty.","2","2","The bottom eyelashes are showing under the eyeglasses."
"3IJ95K7NDZM3YTXQBHZY2AQA7XMGNX","3M6I6ITMWC45FX8AJBVOLZBA18WQDG","Write a description to transform the left avatar into the right avatar","Given an image of two avatars, write a sentence describing the changes to transform avatar 1 into avatar 2.","image, summarization","$0.01","Fri Apr 23 15:18:59 PDT 2021","3","BatchId:4419247;OriginalHitTemplateId:928390876;","3600","259200","Fri Apr 30 15:18:59 PDT 2021","","","3U8YCDAGXSQUD6XR397EAWUMSIFQ0A","A24JKHC4HTY6CD","Approved","Fri Apr 23 20:34:09 PDT 2021","Fri Apr 23 20:35:25 PDT 2021","Mon Apr 26 20:35:25 PDT 2021","Mon Apr 26 20:36:02 PDT 2021","","","76","100% (2/2)","100% (2/2)","100% (2/2)","https://i.postimg.cc/kGqP9Wpk/Avatar-Maker.png","https://i.postimg.cc/Zn77g3tP/Avatar-Maker-2.png","Added more eyelashes to the eyes and made the eyeliners thicker. Also made the eyes less squinty.","2","2","GLASS"
"37J05LC5AZT43JWEUT6Y3I6WLL1JDM","3M6I6ITMWC45FX8AJBVOLZBA18WQDG","Write a description to transform the left avatar into the right avatar","Given an image of two avatars, write a sentence describing the changes to transform avatar 1 into avatar 2.","image, summarization","$0.01","Fri Apr 23 15:18:59 PDT 2021","3","BatchId:4419247;OriginalHitTemplateId:928390876;","3600","259200","Fri Apr 30 15:18:59 PDT 2021","","","3LYA37P8ITX9MQ26OKK6YREWKFWBKZ","AE6ZTB79U0IGH","Approved","Fri Apr 23 16:28:26 PDT 2021","Fri Apr 23 16:28:59 PDT 2021","Mon Apr 26 16:28:59 PDT 2021","Mon Apr 26 16:29:57 PDT 2021","","","33","100% (24/24)","100% (24/24)","100% (24/24)","https://i.postimg.cc/kGqP9Wpk/Avatar-Maker.png","https://i.postimg.cc/cHqN9pM1/Avatar-Maker-3.png","Closed the mouth and changed it to a slight smile.","2","3","Close the mouth and make the mouth look a little like a smirk"
"37J05LC5AZT43JWEUT6Y3I6WLL1JDM","3M6I6ITMWC45FX8AJBVOLZBA18WQDG","Write a description to transform the left avatar into the right avatar","Given an image of two avatars, write a sentence describing the changes to transform avatar 1 into avatar 2.","image, summarization","$0.01","Fri Apr 23 15:18:59 PDT 2021","3","BatchId:4419247;OriginalHitTemplateId:928390876;","3600","259200","Fri Apr 30 15:18:59 PDT 2021","","","3OXV7EAXLH0XKGD47NBZ6PB2VSQ63P","A2NURUM0IC7JAF","Approved","Fri Apr 23 15:21:08 PDT 2021","Fri Apr 23 15:21:38 PDT 2021","Mon Apr 26 15:21:38 PDT 2021","Mon Apr 26 15:21:57 PDT 2021","","","30","100% (2/2)","100% (2/2)","100% (2/2)","https://i.postimg.cc/kGqP9Wpk/Avatar-Maker.png","https://i.postimg.cc/cHqN9pM1/Avatar-Maker-3.png","Closed the mouth and changed it to a slight smile.","2","3","Close the avatars mouth and make them smile just a little bit."
"37J05LC5AZT43JWEUT6Y3I6WLL1JDM","3M6I6ITMWC45FX8AJBVOLZBA18WQDG","Write a description to transform the left avatar into the right avatar","Given an image of two avatars, write a sentence describing the changes to transform avatar 1 into avatar 2.","image, summarization","$0.01","Fri Apr 23 15:18:59 PDT 2021","3","BatchId:4419247;OriginalHitTemplateId:928390876;","3600","259200","Fri Apr 30 15:18:59 PDT 2021","","","3SNVL38CI72SWVUC2KG19BKE200KCJ","A1UBLIWJ572DMH","Approved","Fri Apr 23 16:53:26 PDT 2021","Fri Apr 23 16:54:07 PDT 2021","Mon Apr 26 16:54:07 PDT 2021","Mon Apr 26 16:54:57 PDT 2021","","","41","100% (21/21)","100% (21/21)","100% (21/21)","https://i.postimg.cc/kGqP9Wpk/Avatar-Maker.png","https://i.postimg.cc/cHqN9pM1/Avatar-Maker-3.png","Closed the mouth and changed it to a slight smile.","2","3","Left avatar should shut her mouth! She should close her lips so her teeth are no longer exposed then she should adopt a small smile"
"3S1WOPCJFI39VPAEQOHI90OHLX2JEF","3M6I6ITMWC45FX8AJBVOLZBA18WQDG","Write a description to transform the left avatar into the right avatar","Given an image of two avatars, write a sentence describing the changes to transform avatar 1 into avatar 2.","image, summarization","$0.01","Fri Apr 23 15:18:59 PDT 2021","3","BatchId:4419247;OriginalHitTemplateId:928390876;","3600","259200","Fri Apr 30 15:18:59 PDT 2021","","","38F71OA9GW6UPVEPEYJIWUXLOINMF1","A1UBLIWJ572DMH","Approved","Fri Apr 23 16:51:58 PDT 2021","Fri Apr 23 16:52:43 PDT 2021","Mon Apr 26 16:52:43 PDT 2021","Mon Apr 26 16:52:57 PDT 2021","","","45","100% (21/21)","100% (21/21)","100% (21/21)","https://i.postimg.cc/kGqP9Wpk/Avatar-Maker.png","https://i.postimg.cc/85hgqZtR/Avatar-Maker-4.png","Made the eyebrows thinner and pointing downward into a sad expression. Added more eyelashes to the eyes and made the eyeliners thicker. Also made the eyes less squinty.","2","4","Left avatar must groom her eyebrows to make them more thin and additionally adjust her eyebrow position from an angry position to a concerned position"
"3S1WOPCJFI39VPAEQOHI90OHLX2JEF","3M6I6ITMWC45FX8AJBVOLZBA18WQDG","Write a description to transform the left avatar into the right avatar","Given an image of two avatars, write a sentence describing the changes to transform avatar 1 into avatar 2.","image, summarization","$0.01","Fri Apr 23 15:18:59 PDT 2021","3","BatchId:4419247;OriginalHitTemplateId:928390876;","3600","259200","Fri Apr 30 15:18:59 PDT 2021","","","3BGYGHDBB0UKHXYKGLLRX2PY99U22Z","AJKPWDUFU6KVZ","Approved","Fri Apr 23 16:04:04 PDT 2021","Fri Apr 23 16:05:13 PDT 2021","Mon Apr 26 16:05:13 PDT 2021","Mon Apr 26 16:05:57 PDT 2021","","","69","100% (20/20)","100% (20/20)","100% (20/20)","https://i.postimg.cc/kGqP9Wpk/Avatar-Maker.png","https://i.postimg.cc/85hgqZtR/Avatar-Maker-4.png","Made the eyebrows thinner and pointing downward into a sad expression. Added more eyelashes to the eyes and made the eyeliners thicker. Also made the eyes less squinty.","2","4","in the first one her eyes make she look angry, in the second her eyes and eyebrown make she look sad and disappointed"
"3S1WOPCJFI39VPAEQOHI90OHLX2JEF","3M6I6ITMWC45FX8AJBVOLZBA18WQDG","Write a description to transform the left avatar into the right avatar","Given an image of two avatars, write a sentence describing the changes to transform avatar 1 into avatar 2.","image, summarization","$0.01","Fri Apr 23 15:18:59 PDT 2021","3","BatchId:4419247;OriginalHitTemplateId:928390876;","3600","259200","Fri Apr 30 15:18:59 PDT 2021","","","3GLB5JMZF05XZ147CPQXVPA3GK5GDO","A3B0AB2C9SIHN","Approved","Fri Apr 23 18:13:04 PDT 2021","Fri Apr 23 18:14:14 PDT 2021","Mon Apr 26 18:14:14 PDT 2021","Mon Apr 26 18:15:02 PDT 2021","","","70","100% (16/16)","100% (16/16)","100% (16/16)","https://i.postimg.cc/kGqP9Wpk/Avatar-Maker.png","https://i.postimg.cc/85hgqZtR/Avatar-Maker-4.png","Made the eyebrows thinner and pointing downward into a sad expression. Added more eyelashes to the eyes and made the eyeliners thicker. Also made the eyes less squinty.","2","4","make the eye brows thin and draw eyelashes"
"3AC6MFV69MSBFE6KYBSAIX9KWB6ZHV","3M6I6ITMWC45FX8AJBVOLZBA18WQDG","Write a description to transform the left avatar into the right avatar","Given an image of two avatars, write a sentence describing the changes to transform avatar 1 into avatar 2.","image, summarization","$0.01","Fri Apr 23 15:18:59 PDT 2021","3","BatchId:4419247;OriginalHitTemplateId:928390876;","3600","259200","Fri Apr 30 15:18:59 PDT 2021","","","3KIBXJ1WD84T5KRFSPPS4BEVRF4OK7","A3OMQSEL26UJHM","Approved","Fri Apr 23 20:46:20 PDT 2021","Fri Apr 23 20:50:03 PDT 2021","Mon Apr 26 20:50:03 PDT 2021","Mon Apr 26 20:51:02 PDT 2021","","","223","100% (1/1)","100% (1/1)","100% (1/1)","https://i.postimg.cc/kGqP9Wpk/Avatar-Maker.png","https://i.postimg.cc/J75Wxdym/Avatar-Maker-5.png","Added more eyelashes to the eyes and made the eyeliners thicker. Also made the eyes less squinty. Closed the mouth and changed it to a slight smile.","2","5","Swap the position of the mouth of the left avatar with that of the right avatar"
"3AC6MFV69MSBFE6KYBSAIX9KWB6ZHV","3M6I6ITMWC45FX8AJBVOLZBA18WQDG","Write a description to transform the left avatar into the right avatar","Given an image of two avatars, write a sentence describing the changes to transform avatar 1 into avatar 2.","image, summarization","$0.01","Fri Apr 23 15:18:59 PDT 2021","3","BatchId:4419247;OriginalHitTemplateId:928390876;","3600","259200","Fri Apr 30 15:18:59 PDT 2021","","","3L4PIM1GQWQRM28COW7N7EYB0HLRY2","A3B0AB2C9SIHN","Approved","Fri Apr 23 18:01:49 PDT 2021","Fri Apr 23 18:03:12 PDT 2021","Mon Apr 26 18:03:12 PDT 2021","Mon Apr 26 18:04:02 PDT 2021","","","83","100% (16/16)","100% (16/16)","100% (16/16)","https://i.postimg.cc/kGqP9Wpk/Avatar-Maker.png","https://i.postimg.cc/J75Wxdym/Avatar-Maker-5.png","Added more eyelashes to the eyes and made the eyeliners thicker. Also made the eyes less squinty. Closed the mouth and changed it to a slight smile.","2","5","close the mouth and draw eye lashes"
"3AC6MFV69MSBFE6KYBSAIX9KWB6ZHV","3M6I6ITMWC45FX8AJBVOLZBA18WQDG","Write a description to transform the left avatar into the right avatar","Given an image of two avatars, write a sentence describing the changes to transform avatar 1 into avatar 2.","image, summarization","$0.01","Fri Apr 23 15:18:59 PDT 2021","3","BatchId:4419247;OriginalHitTemplateId:928390876;","3600","259200","Fri Apr 30 15:18:59 PDT 2021","","","3YMTUJH0DVQO4A7K3EOBR4VMT06T4H","AE6ZTB79U0IGH","Approved","Fri Apr 23 16:29:14 PDT 2021","Fri Apr 23 16:29:46 PDT 2021","Mon Apr 26 16:29:46 PDT 2021","Mon Apr 26 16:29:57 PDT 2021","","","32","100% (24/24)","100% (24/24)","100% (24/24)","https://i.postimg.cc/kGqP9Wpk/Avatar-Maker.png","https://i.postimg.cc/J75Wxdym/Avatar-Maker-5.png","Added more eyelashes to the eyes and made the eyeliners thicker. Also made the eyes less squinty. Closed the mouth and changed it to a slight smile.","2","5","Close the mouth to stop showing teeth and make the eyelashes darker"
"3WYZV0QBFLNCJ63JX1UTZ1QBTY4BXV","3M6I6ITMWC45FX8AJBVOLZBA18WQDG","Write a description to transform the left avatar into the right avatar","Given an image of two avatars, write a sentence describing the changes to transform avatar 1 into avatar 2.","image, summarization","$0.01","Fri Apr 23 15:18:59 PDT 2021","3","BatchId:4419247;OriginalHitTemplateId:928390876;","3600","259200","Fri Apr 30 15:18:59 PDT 2021","","","38YMOXR4MX9UBEFSH7M1BMMZTM96WM","A3B0AB2C9SIHN","Approved","Fri Apr 23 18:19:48 PDT 2021","Fri Apr 23 18:20:32 PDT 2021","Mon Apr 26 18:20:32 PDT 2021","Mon Apr 26 18:21:02 PDT 2021","","","44","100% (16/16)","100% (16/16)","100% (16/16)","https://i.postimg.cc/kGqP9Wpk/Avatar-Maker.png","https://i.postimg.cc/WbpcH6rZ/Avatar-Maker-6.png","Made the eyebrows thinner and pointing downward into a sad expression. Closed the mouth and changed it to a slight smile.","2","6","thin the eyebrows and draw eyelashes"
"3WYZV0QBFLNCJ63JX1UTZ1QBTY4BXV","3M6I6ITMWC45FX8AJBVOLZBA18WQDG","Write a description to transform the left avatar into the right avatar","Given an image of two avatars, write a sentence describing the changes to transform avatar 1 into avatar 2.","image, summarization","$0.01","Fri Apr 23 15:18:59 PDT 2021","3","BatchId:4419247;OriginalHitTemplateId:928390876;","3600","259200","Fri Apr 30 15:18:59 PDT 2021","","","3X3OR7WPZ2A14YMH68CXMP1A19C8LW","AJKPWDUFU6KVZ","Approved","Fri Apr 23 15:59:45 PDT 2021","Fri Apr 23 16:01:02 PDT 2021","Mon Apr 26 16:01:02 PDT 2021","Mon Apr 26 16:01:57 PDT 2021","","","77","100% (20/20)","100% (20/20)","100% (20/20)","https://i.postimg.cc/kGqP9Wpk/Avatar-Maker.png","https://i.postimg.cc/WbpcH6rZ/Avatar-Maker-6.png","Made the eyebrows thinner and pointing downward into a sad expression. Closed the mouth and changed it to a slight smile.","2","6","in the first one she look mad, but in the second one her eyes and eyebrown make her look sad and disappointed"
"3WYZV0QBFLNCJ63JX1UTZ1QBTY4BXV","3M6I6ITMWC45FX8AJBVOLZBA18WQDG","Write a description to transform the left avatar into the right avatar","Given an image of two avatars, write a sentence describing the changes to transform avatar 1 into avatar 2.","image, summarization","$0.01","Fri Apr 23 15:18:59 PDT 2021","3","BatchId:4419247;OriginalHitTemplateId:928390876;","3600","259200","Fri Apr 30 15:18:59 PDT 2021","","","3Z4XG4ZF4B1W4S36KRFLXJWX8ITX8E","A1UBLIWJ572DMH","Approved","Fri Apr 23 16:45:51 PDT 2021","Fri Apr 23 16:46:59 PDT 2021","Mon Apr 26 16:46:59 PDT 2021","Mon Apr 26 16:47:57 PDT 2021","","","68","100% (21/21)","100% (21/21)","100% (21/21)","https://i.postimg.cc/kGqP9Wpk/Avatar-Maker.png","https://i.postimg.cc/WbpcH6rZ/Avatar-Maker-6.png","Made the eyebrows thinner and pointing downward into a sad expression. Closed the mouth and changed it to a slight smile.","2","6","Left avatar must widen eyes slightly and change eyebrow position from angry to worried"
"3EGKVCRQFY21JBTT2XGVIFXKV4YBY1","3M6I6ITMWC45FX8AJBVOLZBA18WQDG","Write a description to transform the left avatar into the right avatar","Given an image of two avatars, write a sentence describing the changes to transform avatar 1 into avatar 2.","image, summarization","$0.01","Fri Apr 23 15:18:59 PDT 2021","3","BatchId:4419247;OriginalHitTemplateId:928390876;","3600","259200","Fri Apr 30 15:18:59 PDT 2021","","","30BXRYBRP77A83Z9DQD58DBP2Z9WHV","AE6ZTB79U0IGH","Approved","Fri Apr 23 16:22:58 PDT 2021","Fri Apr 23 16:24:16 PDT 2021","Mon Apr 26 16:24:16 PDT 2021","Mon Apr 26 16:24:57 PDT 2021","","","78","100% (24/24)","100% (24/24)","100% (24/24)","https://i.postimg.cc/kGqP9Wpk/Avatar-Maker.png","https://i.postimg.cc/j2c0jLVC/Avatar-Maker-7.png","Made the eyebrows thinner and pointing downward into a sad expression. Added more eyelashes to the eyes and made the eyeliners thicker. Also made the eyes less squinty. Closed the mouth and changed it to a slight smile.","2","7","Widen the eyes and make the eyebrows appear higher up and close the mouth but smile"
"3EGKVCRQFY21JBTT2XGVIFXKV4YBY1","3M6I6ITMWC45FX8AJBVOLZBA18WQDG","Write a description to transform the left avatar into the right avatar","Given an image of two avatars, write a sentence describing the changes to transform avatar 1 into avatar 2.","image, summarization","$0.01","Fri Apr 23 15:18:59 PDT 2021","3","BatchId:4419247;OriginalHitTemplateId:928390876;","3600","259200","Fri Apr 30 15:18:59 PDT 2021","","","3ERET4BTVPJQYXN9Q06A7LJ6WFP9KJ","AJKPWDUFU6KVZ","Approved","Fri Apr 23 15:56:35 PDT 2021","Fri Apr 23 15:57:59 PDT 2021","Mon Apr 26 15:57:59 PDT 2021","Mon Apr 26 15:58:57 PDT 2021","","","84","100% (20/20)","100% (20/20)","100% (20/20)","https://i.postimg.cc/kGqP9Wpk/Avatar-Maker.png","https://i.postimg.cc/j2c0jLVC/Avatar-Maker-7.png","Made the eyebrows thinner and pointing downward into a sad expression. Added more eyelashes to the eyes and made the eyeliners thicker. Also made the eyes less squinty. Closed the mouth and changed it to a slight smile.","2","7","in the first one her eyebrown, eyes and mouth make her look angry, but in the second one she looks compassionate"
"3EGKVCRQFY21JBTT2XGVIFXKV4YBY1","3M6I6ITMWC45FX8AJBVOLZBA18WQDG","Write a description to transform the left avatar into the right avatar","Given an image of two avatars, write a sentence describing the changes to transform avatar 1 into avatar 2.","image, summarization","$0.01","Fri Apr 23 15:18:59 PDT 2021","3","BatchId:4419247;OriginalHitTemplateId:928390876;","3600","259200","Fri Apr 30 15:18:59 PDT 2021","","","3QECW5O0KKB60TBKHJ7LWW10TWTT5E","ARJDD0Z3R65BD","Approved","Fri Apr 23 15:33:45 PDT 2021","Fri Apr 23 15:35:04 PDT 2021","Mon Apr 26 15:35:04 PDT 2021","Mon Apr 26 15:35:57 PDT 2021","","","79","100% (3/3)","100% (3/3)","100% (3/3)","https://i.postimg.cc/kGqP9Wpk/Avatar-Maker.png","https://i.postimg.cc/j2c0jLVC/Avatar-Maker-7.png","Made the eyebrows thinner and pointing downward into a sad expression. Added more eyelashes to the eyes and made the eyeliners thicker. Also made the eyes less squinty. Closed the mouth and changed it to a slight smile.","2","7","She was angry, but soon afterwards she was sentimental."
"3W1K7D6QSDR1O13YYJIEWM6M1Y2BZS","3M6I6ITMWC45FX8AJBVOLZBA18WQDG","Write a description to transform the left avatar into the right avatar","Given an image of two avatars, write a sentence describing the changes to transform avatar 1 into avatar 2.","image, summarization","$0.01","Fri Apr 23 15:19:00 PDT 2021","3","BatchId:4419247;OriginalHitTemplateId:928390876;","3600","259200","Fri Apr 30 15:19:00 PDT 2021","","","39ASUFLU60HDDTDXXU1LPTSJJM2XEQ","A3B0AB2C9SIHN","Approved","Fri Apr 23 18:14:14 PDT 2021","Fri Apr 23 18:15:30 PDT 2021","Mon Apr 26 18:15:30 PDT 2021","Mon Apr 26 18:16:02 PDT 2021","","","76","100% (16/16)","100% (16/16)","100% (16/16)","https://i.postimg.cc/PqJbxqcJ/Avatar-Maker.png","https://i.postimg.cc/xTG3phMf/Avatar-Maker-1.png","Made the eyebrows thinner and pointing downward into a sad frown.","3","1","make the eyebrows looking upward"
"3W1K7D6QSDR1O13YYJIEWM6M1Y2BZS","3M6I6ITMWC45FX8AJBVOLZBA18WQDG","Write a description to transform the left avatar into the right avatar","Given an image of two avatars, write a sentence describing the changes to transform avatar 1 into avatar 2.","image, summarization","$0.01","Fri Apr 23 15:19:00 PDT 2021","3","BatchId:4419247;OriginalHitTemplateId:928390876;","3600","259200","Fri Apr 30 15:19:00 PDT 2021","","","3BWI6RSP7JJJYE76FHXNVUFVHS57EL","AJKPWDUFU6KVZ","Approved","Fri Apr 23 15:58:04 PDT 2021","Fri Apr 23 15:58:43 PDT 2021","Mon Apr 26 15:58:43 PDT 2021","Mon Apr 26 15:58:57 PDT 2021","","","39","100% (20/20)","100% (20/20)","100% (20/20)","https://i.postimg.cc/PqJbxqcJ/Avatar-Maker.png","https://i.postimg.cc/xTG3phMf/Avatar-Maker-1.png","Made the eyebrows thinner and pointing downward into a sad frown.","3","1","in the first one he look tired, in the second one his eyebrowns make he look compassionate"
"3W1K7D6QSDR1O13YYJIEWM6M1Y2BZS","3M6I6ITMWC45FX8AJBVOLZBA18WQDG","Write a description to transform the left avatar into the right avatar","Given an image of two avatars, write a sentence describing the changes to transform avatar 1 into avatar 2.","image, summarization","$0.01","Fri Apr 23 15:19:00 PDT 2021","3","BatchId:4419247;OriginalHitTemplateId:928390876;","3600","259200","Fri Apr 30 15:19:00 PDT 2021","","","3VJ40NV2QLXS83H2MY3K521RAR6OTM","A1G1PUPGA9IB7J","Approved","Fri Apr 23 16:29:52 PDT 2021","Fri Apr 23 16:32:37 PDT 2021","Mon Apr 26 16:32:37 PDT 2021","Mon Apr 26 16:32:57 PDT 2021","","","165","100% (1/1)","100% (1/1)","100% (1/1)","https://i.postimg.cc/PqJbxqcJ/Avatar-Maker.png","https://i.postimg.cc/xTG3phMf/Avatar-Maker-1.png","Made the eyebrows thinner and pointing downward into a sad frown.","3","1","eyebrow"
"3Z33IC0JC2W1ROJRZ2FFKAY0PNT9VG","3M6I6ITMWC45FX8AJBVOLZBA18WQDG","Write a description to transform the left avatar into the right avatar","Given an image of two avatars, write a sentence describing the changes to transform avatar 1 into avatar 2.","image, summarization","$0.01","Fri Apr 23 15:19:00 PDT 2021","3","BatchId:4419247;OriginalHitTemplateId:928390876;","3600","259200","Fri Apr 30 15:19:00 PDT 2021","","","317HQ483IA2KH41FR743C6ZD90IINH","A3NNDNMBKSZ22H","Approved","Fri Apr 23 16:06:47 PDT 2021","Fri Apr 23 16:07:16 PDT 2021","Mon Apr 26 16:07:16 PDT 2021","Mon Apr 26 16:07:57 PDT 2021","","","29","100% (2/2)","100% (2/2)","100% (2/2)","https://i.postimg.cc/PqJbxqcJ/Avatar-Maker.png","https://i.postimg.cc/L8HBcD3z/Avatar-Maker-2.png","Made the eyes more open and feminine looking with more eyelashes.","3","2","open both eyes wider."
"3Z33IC0JC2W1ROJRZ2FFKAY0PNT9VG","3M6I6ITMWC45FX8AJBVOLZBA18WQDG","Write a description to transform the left avatar into the right avatar","Given an image of two avatars, write a sentence describing the changes to transform avatar 1 into avatar 2.","image, summarization","$0.01","Fri Apr 23 15:19:00 PDT 2021","3","BatchId:4419247;OriginalHitTemplateId:928390876;","3600","259200","Fri Apr 30 15:19:00 PDT 2021","","","3JV9LGBJWWOO3YVW2Y4D6JM2KX2OGH","A1UBLIWJ572DMH","Approved","Fri Apr 23 16:50:16 PDT 2021","Fri Apr 23 16:50:47 PDT 2021","Mon Apr 26 16:50:47 PDT 2021","Mon Apr 26 16:50:57 PDT 2021","","","31","100% (21/21)","100% (21/21)","100% (21/21)","https://i.postimg.cc/PqJbxqcJ/Avatar-Maker.png","https://i.postimg.cc/L8HBcD3z/Avatar-Maker-2.png","Made the eyes more open and feminine looking with more eyelashes.","3","2","Left avatar must open eyes more widely"
"3Z33IC0JC2W1ROJRZ2FFKAY0PNT9VG","3M6I6ITMWC45FX8AJBVOLZBA18WQDG","Write a description to transform the left avatar into the right avatar","Given an image of two avatars, write a sentence describing the changes to transform avatar 1 into avatar 2.","image, summarization","$0.01","Fri Apr 23 15:19:00 PDT 2021","3","BatchId:4419247;OriginalHitTemplateId:928390876;","3600","259200","Fri Apr 30 15:19:00 PDT 2021","","","3OXV7EAXLH0XKGD47NBZ6PB2VSV36R","AJKPWDUFU6KVZ","Approved","Fri Apr 23 15:59:01 PDT 2021","Fri Apr 23 15:59:40 PDT 2021","Mon Apr 26 15:59:40 PDT 2021","Mon Apr 26 15:59:57 PDT 2021","","","39","100% (20/20)","100% (20/20)","100% (20/20)","https://i.postimg.cc/PqJbxqcJ/Avatar-Maker.png","https://i.postimg.cc/L8HBcD3z/Avatar-Maker-2.png","Made the eyes more open and feminine looking with more eyelashes.","3","2","in the first one he look tired, in the second his eyes make he look surprised"
"39AYGO6AFHU1108KZ4QCQJDLDJJ6NL","3M6I6ITMWC45FX8AJBVOLZBA18WQDG","Write a description to transform the left avatar into the right avatar","Given an image of two avatars, write a sentence describing the changes to transform avatar 1 into avatar 2.","image, summarization","$0.01","Fri Apr 23 15:19:00 PDT 2021","3","BatchId:4419247;OriginalHitTemplateId:928390876;","3600","259200","Fri Apr 30 15:19:00 PDT 2021","","","31LVTDXBLAK7M31D5HIXD6WFR1URLL","A2NURUM0IC7JAF","Approved","Fri Apr 23 15:21:47 PDT 2021","Fri Apr 23 15:22:01 PDT 2021","Mon Apr 26 15:22:01 PDT 2021","Mon Apr 26 15:22:57 PDT 2021","","","14","100% (2/2)","100% (2/2)","100% (2/2)","https://i.postimg.cc/PqJbxqcJ/Avatar-Maker.png","https://i.postimg.cc/Fz50DVKk/Avatar-Maker-3.png","Changed the mouth to pointing downward.","3","3","Change the avatars mouth from a smile to a frown."
"39AYGO6AFHU1108KZ4QCQJDLDJJ6NL","3M6I6ITMWC45FX8AJBVOLZBA18WQDG","Write a description to transform the left avatar into the right avatar","Given an image of two avatars, write a sentence describing the changes to transform avatar 1 into avatar 2.","image, summarization","$0.01","Fri Apr 23 15:19:00 PDT 2021","3","BatchId:4419247;OriginalHitTemplateId:928390876;","3600","259200","Fri Apr 30 15:19:00 PDT 2021","","","32UTUBMZ7J6N21WINOYD00PD0DYBVG","AJKPWDUFU6KVZ","Approved","Fri Apr 23 15:49:42 PDT 2021","Fri Apr 23 15:51:45 PDT 2021","Mon Apr 26 15:51:45 PDT 2021","Mon Apr 26 15:51:57 PDT 2021","","","123","100% (20/20)","100% (20/20)","100% (20/20)","https://i.postimg.cc/PqJbxqcJ/Avatar-Maker.png","https://i.postimg.cc/Fz50DVKk/Avatar-Maker-3.png","Changed the mouth to pointing downward.","3","3","the first avatar look happier because he is smiling a little bit, and the second one have more of a sad face"
"39AYGO6AFHU1108KZ4QCQJDLDJJ6NL","3M6I6ITMWC45FX8AJBVOLZBA18WQDG","Write a description to transform the left avatar into the right avatar","Given an image of two avatars, write a sentence describing the changes to transform avatar 1 into avatar 2.","image, summarization","$0.01","Fri Apr 23 15:19:00 PDT 2021","3","BatchId:4419247;OriginalHitTemplateId:928390876;","3600","259200","Fri Apr 30 15:19:00 PDT 2021","","","3UJ1CZ6IZKZ5LTY5SJ2VMR5ERDLS5U","AE6ZTB79U0IGH","Approved","Fri Apr 23 16:17:55 PDT 2021","Fri Apr 23 16:18:24 PDT 2021","Mon Apr 26 16:18:24 PDT 2021","Mon Apr 26 16:18:57 PDT 2021","","","29","100% (24/24)","100% (24/24)","100% (24/24)","https://i.postimg.cc/PqJbxqcJ/Avatar-Maker.png","https://i.postimg.cc/Fz50DVKk/Avatar-Maker-3.png","Changed the mouth to pointing downward.","3","3","Straighten the smile"
"3ECKRY5B1S6BB9H44TAVI9AZWOLZIO","3M6I6ITMWC45FX8AJBVOLZBA18WQDG","Write a description to transform the left avatar into the right avatar","Given an image of two avatars, write a sentence describing the changes to transform avatar 1 into avatar 2.","image, summarization","$0.01","Fri Apr 23 15:19:00 PDT 2021","3","BatchId:4419247;OriginalHitTemplateId:928390876;","3600","259200","Fri Apr 30 15:19:00 PDT 2021","","","388U7OUMFABUP7CRGOWEFM4RO3PR0I","AJKPWDUFU6KVZ","Approved","Fri Apr 23 16:02:18 PDT 2021","Fri Apr 23 16:03:04 PDT 2021","Mon Apr 26 16:03:04 PDT 2021","Mon Apr 26 16:03:57 PDT 2021","","","46","100% (20/20)","100% (20/20)","100% (20/20)","https://i.postimg.cc/PqJbxqcJ/Avatar-Maker.png","https://i.postimg.cc/GmqJdDX6/Avatar-Maker-4.png","Made the eyebrows thinner and pointing downward into a sad frown. Made the eyes more open and feminine looking with more eyelashes.","3","4","in the first one he look tired, and in the second one his eyes and eyebrow make he look compassionate"
"3ECKRY5B1S6BB9H44TAVI9AZWOLZIO","3M6I6ITMWC45FX8AJBVOLZBA18WQDG","Write a description to transform the left avatar into the right avatar","Given an image of two avatars, write a sentence describing the changes to transform avatar 1 into avatar 2.","image, summarization","$0.01","Fri Apr 23 15:19:00 PDT 2021","3","BatchId:4419247;OriginalHitTemplateId:928390876;","3600","259200","Fri Apr 30 15:19:00 PDT 2021","","","3SKRO2GZ74189SKEMNRHSF1NY351K6","AE6ZTB79U0IGH","Approved","Fri Apr 23 16:22:31 PDT 2021","Fri Apr 23 16:22:57 PDT 2021","Mon Apr 26 16:22:57 PDT 2021","Mon Apr 26 16:23:57 PDT 2021","","","26","100% (24/24)","100% (24/24)","100% (24/24)","https://i.postimg.cc/PqJbxqcJ/Avatar-Maker.png","https://i.postimg.cc/GmqJdDX6/Avatar-Maker-4.png","Made the eyebrows thinner and pointing downward into a sad frown. Made the eyes more open and feminine looking with more eyelashes.","3","4","Enlarge the eyes a lot and flip the eyebrows upside down"
"3ECKRY5B1S6BB9H44TAVI9AZWOLZIO","3M6I6ITMWC45FX8AJBVOLZBA18WQDG","Write a description to transform the left avatar into the right avatar","Given an image of two avatars, write a sentence describing the changes to transform avatar 1 into avatar 2.","image, summarization","$0.01","Fri Apr 23 15:19:00 PDT 2021","3","BatchId:4419247;OriginalHitTemplateId:928390876;","3600","259200","Fri Apr 30 15:19:00 PDT 2021","","","3ZSY5X72N0LFSO4AI9YP5N09M6DORD","A1UBLIWJ572DMH","Approved","Fri Apr 23 16:50:47 PDT 2021","Fri Apr 23 16:51:17 PDT 2021","Mon Apr 26 16:51:17 PDT 2021","Mon Apr 26 16:51:57 PDT 2021","","","30","100% (21/21)","100% (21/21)","100% (21/21)","https://i.postimg.cc/PqJbxqcJ/Avatar-Maker.png","https://i.postimg.cc/GmqJdDX6/Avatar-Maker-4.png","Made the eyebrows thinner and pointing downward into a sad frown. Made the eyes more open and feminine looking with more eyelashes.","3","4","Left avatar must open eyes more widely and also adjust eyebrow position to a worried look"
"3J9L0X0VDHWE6DJWPCKB6CHEWWV9WQ","3M6I6ITMWC45FX8AJBVOLZBA18WQDG","Write a description to transform the left avatar into the right avatar","Given an image of two avatars, write a sentence describing the changes to transform avatar 1 into avatar 2.","image, summarization","$0.01","Fri Apr 23 15:19:00 PDT 2021","3","BatchId:4419247;OriginalHitTemplateId:928390876;","3600","259200","Fri Apr 30 15:19:00 PDT 2021","","","3H7XDTSHKF1W874YTKVNNDZONZXWGX","AE6ZTB79U0IGH","Approved","Fri Apr 23 16:30:24 PDT 2021","Fri Apr 23 16:30:40 PDT 2021","Mon Apr 26 16:30:40 PDT 2021","Mon Apr 26 16:30:57 PDT 2021","","","16","100% (24/24)","100% (24/24)","100% (24/24)","https://i.postimg.cc/PqJbxqcJ/Avatar-Maker.png","https://i.postimg.cc/BvzT109g/Avatar-Maker-5.png","Made the eyes more open and feminine looking with more eyelashes. Changed the mouth to pointing downward.","3","5","Make the eyes much larger"
"3J9L0X0VDHWE6DJWPCKB6CHEWWV9WQ","3M6I6ITMWC45FX8AJBVOLZBA18WQDG","Write a description to transform the left avatar into the right avatar","Given an image of two avatars, write a sentence describing the changes to transform avatar 1 into avatar 2.","image, summarization","$0.01","Fri Apr 23 15:19:00 PDT 2021","3","BatchId:4419247;OriginalHitTemplateId:928390876;","3600","259200","Fri Apr 30 15:19:00 PDT 2021","","","3RANCT1ZVIRNPM7IIYO84ENUM6QBUS","AJKPWDUFU6KVZ","Approved","Fri Apr 23 16:01:13 PDT 2021","Fri Apr 23 16:02:12 PDT 2021","Mon Apr 26 16:02:12 PDT 2021","Mon Apr 26 16:02:57 PDT 2021","","","59","100% (20/20)","100% (20/20)","100% (20/20)","https://i.postimg.cc/PqJbxqcJ/Avatar-Maker.png","https://i.postimg.cc/BvzT109g/Avatar-Maker-5.png","Made the eyes more open and feminine looking with more eyelashes. Changed the mouth to pointing downward.","3","5","in the first one he look tired because of his eyes, in the second his mouth and eyes make he look sad"
"3J9L0X0VDHWE6DJWPCKB6CHEWWV9WQ","3M6I6ITMWC45FX8AJBVOLZBA18WQDG","Write a description to transform the left avatar into the right avatar","Given an image of two avatars, write a sentence describing the changes to transform avatar 1 into avatar 2.","image, summarization","$0.01","Fri Apr 23 15:19:00 PDT 2021","3","BatchId:4419247;OriginalHitTemplateId:928390876;","3600","259200","Fri Apr 30 15:19:00 PDT 2021","","","3X1FV8S5J01JTI4T3AQR1BGAGR9GVN","A3B0AB2C9SIHN","Approved","Fri Apr 23 18:09:14 PDT 2021","Fri Apr 23 18:11:05 PDT 2021","Mon Apr 26 18:11:05 PDT 2021","Mon Apr 26 18:12:02 PDT 2021","","","111","100% (16/16)","100% (16/16)","100% (16/16)","https://i.postimg.cc/PqJbxqcJ/Avatar-Maker.png","https://i.postimg.cc/BvzT109g/Avatar-Maker-5.png","Made the eyes more open and feminine looking with more eyelashes. Changed the mouth to pointing downward.","3","5","make the eyes wide open and round"
"344M16OZKKP5EF1Z5M9A275YUH7ENE","3M6I6ITMWC45FX8AJBVOLZBA18WQDG","Write a description to transform the left avatar into the right avatar","Given an image of two avatars, write a sentence describing the changes to transform avatar 1 into avatar 2.","image, summarization","$0.01","Fri Apr 23 15:19:00 PDT 2021","3","BatchId:4419247;OriginalHitTemplateId:928390876;","3600","259200","Fri Apr 30 15:19:00 PDT 2021","","","382M9COHEKPLWPJ2SPQY5MTFP4LUEV","A3B0AB2C9SIHN","Approved","Fri Apr 23 18:19:04 PDT 2021","Fri Apr 23 18:19:48 PDT 2021","Mon Apr 26 18:19:48 PDT 2021","Mon Apr 26 18:20:02 PDT 2021","","","44","100% (16/16)","100% (16/16)","100% (16/16)","https://i.postimg.cc/PqJbxqcJ/Avatar-Maker.png","https://i.postimg.cc/G2skF5b1/Avatar-Maker-6.png","Made the eyebrows thinner and pointing downward into a sad frown. Changed the mouth to pointing downward.","3","6","draw the eyebrows looking upward"
"344M16OZKKP5EF1Z5M9A275YUH7ENE","3M6I6ITMWC45FX8AJBVOLZBA18WQDG","Write a description to transform the left avatar into the right avatar","Given an image of two avatars, write a sentence describing the changes to transform avatar 1 into avatar 2.","image, summarization","$0.01","Fri Apr 23 15:19:00 PDT 2021","3","BatchId:4419247;OriginalHitTemplateId:928390876;","3600","259200","Fri Apr 30 15:19:00 PDT 2021","","","3IAEQB9FMHUTWNU7RUUFHSWRA7LWDR","A1UBLIWJ572DMH","Approved","Fri Apr 23 16:51:17 PDT 2021","Fri Apr 23 16:51:57 PDT 2021","Mon Apr 26 16:51:57 PDT 2021","Mon Apr 26 16:52:57 PDT 2021","","","40","100% (21/21)","100% (21/21)","100% (21/21)","https://i.postimg.cc/PqJbxqcJ/Avatar-Maker.png","https://i.postimg.cc/G2skF5b1/Avatar-Maker-6.png","Made the eyebrows thinner and pointing downward into a sad frown. Changed the mouth to pointing downward.","3","6","Left avatar must adjust eyebrow position to a more worried and desperate look, one of despair"
"344M16OZKKP5EF1Z5M9A275YUH7ENE","3M6I6ITMWC45FX8AJBVOLZBA18WQDG","Write a description to transform the left avatar into the right avatar","Given an image of two avatars, write a sentence describing the changes to transform avatar 1 into avatar 2.","image, summarization","$0.01","Fri Apr 23 15:19:00 PDT 2021","3","BatchId:4419247;OriginalHitTemplateId:928390876;","3600","259200","Fri Apr 30 15:19:00 PDT 2021","","","3P4RDNWND8GOYEAUC9CBJZIW0GGJIH","AE6ZTB79U0IGH","Approved","Fri Apr 23 16:29:47 PDT 2021","Fri Apr 23 16:30:24 PDT 2021","Mon Apr 26 16:30:24 PDT 2021","Mon Apr 26 16:30:57 PDT 2021","","","37","100% (24/24)","100% (24/24)","100% (24/24)","https://i.postimg.cc/PqJbxqcJ/Avatar-Maker.png","https://i.postimg.cc/G2skF5b1/Avatar-Maker-6.png","Made the eyebrows thinner and pointing downward into a sad frown. Changed the mouth to pointing downward.","3","6","Flip the eyebrows to make them look closer to the shape of the letter U"
"3NBFJK3IOJSLGEX2CWZBHZQFX7RGOC","3M6I6ITMWC45FX8AJBVOLZBA18WQDG","Write a description to transform the left avatar into the right avatar","Given an image of two avatars, write a sentence describing the changes to transform avatar 1 into avatar 2.","image, summarization","$0.01","Fri Apr 23 15:19:00 PDT 2021","3","BatchId:4419247;OriginalHitTemplateId:928390876;","3600","259200","Fri Apr 30 15:19:00 PDT 2021","","","39L1G8WVWT12DUC71HZIBTKLNHF13R","AJKPWDUFU6KVZ","Approved","Fri Apr 23 15:55:40 PDT 2021","Fri Apr 23 15:56:31 PDT 2021","Mon Apr 26 15:56:31 PDT 2021","Mon Apr 26 15:56:57 PDT 2021","","","51","100% (20/20)","100% (20/20)","100% (20/20)","https://i.postimg.cc/PqJbxqcJ/Avatar-Maker.png","https://i.postimg.cc/rs1xbRdn/Avatar-Maker-7.png","Made the eyebrows thinner and pointing downward into a sad frown. Made the eyes more open and feminine looking with more eyelashes. Changed the mouth to pointing downward.","3","7","in the first one his eyes make he look tired, but in the second one his eyes and mouth make he look sad"
"3NBFJK3IOJSLGEX2CWZBHZQFX7RGOC","3M6I6ITMWC45FX8AJBVOLZBA18WQDG","Write a description to transform the left avatar into the right avatar","Given an image of two avatars, write a sentence describing the changes to transform avatar 1 into avatar 2.","image, summarization","$0.01","Fri Apr 23 15:19:00 PDT 2021","3","BatchId:4419247;OriginalHitTemplateId:928390876;","3600","259200","Fri Apr 30 15:19:00 PDT 2021","","","3N4BPTXIOB2OIPBCOB113H6K903KUP","AE6ZTB79U0IGH","Approved","Fri Apr 23 16:26:58 PDT 2021","Fri Apr 23 16:27:27 PDT 2021","Mon Apr 26 16:27:27 PDT 2021","Mon Apr 26 16:27:57 PDT 2021","","","29","100% (24/24)","100% (24/24)","100% (24/24)","https://i.postimg.cc/PqJbxqcJ/Avatar-Maker.png","https://i.postimg.cc/rs1xbRdn/Avatar-Maker-7.png","Made the eyebrows thinner and pointing downward into a sad frown. Made the eyes more open and feminine looking with more eyelashes. Changed the mouth to pointing downward.","3","7","Widen the eyes as if he were making a pleading face, flip the eyebrows upside down"
"3NBFJK3IOJSLGEX2CWZBHZQFX7RGOC","3M6I6ITMWC45FX8AJBVOLZBA18WQDG","Write a description to transform the left avatar into the right avatar","Given an image of two avatars, write a sentence describing the changes to transform avatar 1 into avatar 2.","image, summarization","$0.01","Fri Apr 23 15:19:00 PDT 2021","3","BatchId:4419247;OriginalHitTemplateId:928390876;","3600","259200","Fri Apr 30 15:19:00 PDT 2021","","","3NPFYT4IZFEBX79O3PR9PWDVW1YGX5","A2JXPT39AWRES7","Approved","Fri Apr 23 15:54:45 PDT 2021","Fri Apr 23 15:55:34 PDT 2021","Mon Apr 26 15:55:34 PDT 2021","Mon Apr 26 15:55:57 PDT 2021","","","49","100% (2/2)","100% (2/2)","100% (2/2)","https://i.postimg.cc/PqJbxqcJ/Avatar-Maker.png","https://i.postimg.cc/rs1xbRdn/Avatar-Maker-7.png","Made the eyebrows thinner and pointing downward into a sad frown. Made the eyes more open and feminine looking with more eyelashes. Changed the mouth to pointing downward.","3","7","The eyes are doubled in size and the eyebrows and mouth are flipped upside down."
"3E24UO25Q10JJL8W0JQP58DQ3TO6O0","3M6I6ITMWC45FX8AJBVOLZBA18WQDG","Write a description to transform the left avatar into the right avatar","Given an image of two avatars, write a sentence describing the changes to transform avatar 1 into avatar 2.","image, summarization","$0.01","Fri Apr 23 15:19:00 PDT 2021","3","BatchId:4419247;OriginalHitTemplateId:928390876;","3600","259200","Fri Apr 30 15:19:00 PDT 2021","","","32AT8R96GOJM68OKTKA3U3XUQVEUSG","A1IXJKDJMLEWKZ","Approved","Fri Apr 23 23:15:21 PDT 2021","Fri Apr 23 23:15:44 PDT 2021","Mon Apr 26 23:15:44 PDT 2021","Mon Apr 26 23:16:02 PDT 2021","","","23","100% (1/1)","100% (1/1)","100% (1/1)","https://i.postimg.cc/SspKPTW4/Avatar-Maker.png","https://i.postimg.cc/tRNsKjSM/Avatar-Maker-1.png","Lowered the eyebrows and drew them slightly together into an angry expression.","4","1","Eyebrows are more curved"
"3E24UO25Q10JJL8W0JQP58DQ3TO6O0","3M6I6ITMWC45FX8AJBVOLZBA18WQDG","Write a description to transform the left avatar into the right avatar","Given an image of two avatars, write a sentence describing the changes to transform avatar 1 into avatar 2.","image, summarization","$0.01","Fri Apr 23 15:19:00 PDT 2021","3","BatchId:4419247;OriginalHitTemplateId:928390876;","3600","259200","Fri Apr 30 15:19:00 PDT 2021","","","3IAS3U3I0IQE5AYGZEE2YVS23GP2BL","A3B0AB2C9SIHN","Approved","Fri Apr 23 18:20:32 PDT 2021","Fri Apr 23 18:22:35 PDT 2021","Mon Apr 26 18:22:35 PDT 2021","Mon Apr 26 18:23:02 PDT 2021","","","123","100% (16/16)","100% (16/16)","100% (16/16)","https://i.postimg.cc/SspKPTW4/Avatar-Maker.png","https://i.postimg.cc/tRNsKjSM/Avatar-Maker-1.png","Lowered the eyebrows and drew them slightly together into an angry expression.","4","1","eyebrows little bit higher"
"3E24UO25Q10JJL8W0JQP58DQ3TO6O0","3M6I6ITMWC45FX8AJBVOLZBA18WQDG","Write a description to transform the left avatar into the right avatar","Given an image of two avatars, write a sentence describing the changes to transform avatar 1 into avatar 2.","image, summarization","$0.01","Fri Apr 23 15:19:00 PDT 2021","3","BatchId:4419247;OriginalHitTemplateId:928390876;","3600","259200","Fri Apr 30 15:19:00 PDT 2021","","","3MAOD8E57TKH7ZQAQT44FGMSXDONXO","AE6ZTB79U0IGH","Approved","Fri Apr 23 16:20:24 PDT 2021","Fri Apr 23 16:21:08 PDT 2021","Mon Apr 26 16:21:08 PDT 2021","Mon Apr 26 16:21:57 PDT 2021","","","44","100% (24/24)","100% (24/24)","100% (24/24)","https://i.postimg.cc/SspKPTW4/Avatar-Maker.png","https://i.postimg.cc/tRNsKjSM/Avatar-Maker-1.png","Lowered the eyebrows and drew them slightly together into an angry expression.","4","1","Lift up the ends of the eyebrows"
"31J7RYECZN0G6E42HLYGIVIF0D31LG","3M6I6ITMWC45FX8AJBVOLZBA18WQDG","Write a description to transform the left avatar into the right avatar","Given an image of two avatars, write a sentence describing the changes to transform avatar 1 into avatar 2.","image, summarization","$0.01","Fri Apr 23 15:19:00 PDT 2021","3","BatchId:4419247;OriginalHitTemplateId:928390876;","3600","259200","Fri Apr 30 15:19:00 PDT 2021","","","32SVAV9L3IJY7IP7X0SBMUDORC43A2","A3B0AB2C9SIHN","Approved","Fri Apr 23 18:16:12 PDT 2021","Fri Apr 23 18:19:03 PDT 2021","Mon Apr 26 18:19:03 PDT 2021","Mon Apr 26 18:20:02 PDT 2021","","","171","100% (16/16)","100% (16/16)","100% (16/16)","https://i.postimg.cc/SspKPTW4/Avatar-Maker.png","https://i.postimg.cc/hPCfG0q8/Avatar-Maker-2.png","Lowered the eyelids and not squinting the eyes.","4","2","make the eyes shape and shrink the eyeballs"
"31J7RYECZN0G6E42HLYGIVIF0D31LG","3M6I6ITMWC45FX8AJBVOLZBA18WQDG","Write a description to transform the left avatar into the right avatar","Given an image of two avatars, write a sentence describing the changes to transform avatar 1 into avatar 2.","image, summarization","$0.01","Fri Apr 23 15:19:00 PDT 2021","3","BatchId:4419247;OriginalHitTemplateId:928390876;","3600","259200","Fri Apr 30 15:19:00 PDT 2021","","","3AAPLD8UCFRIGMVFIL8ULT4QY5PHTO","AJKPWDUFU6KVZ","Approved","Fri Apr 23 16:05:25 PDT 2021","Fri Apr 23 16:06:13 PDT 2021","Mon Apr 26 16:06:13 PDT 2021","Mon Apr 26 16:06:57 PDT 2021","","","48","100% (20/20)","100% (20/20)","100% (20/20)","https://i.postimg.cc/SspKPTW4/Avatar-Maker.png","https://i.postimg.cc/hPCfG0q8/Avatar-Maker-2.png","Lowered the eyelids and not squinting the eyes.","4","2","in the first one he look bored, and in the second one he look disgusted"
"31J7RYECZN0G6E42HLYGIVIF0D31LG","3M6I6ITMWC45FX8AJBVOLZBA18WQDG","Write a description to transform the left avatar into the right avatar","Given an image of two avatars, write a sentence describing the changes to transform avatar 1 into avatar 2.","image, summarization","$0.01","Fri Apr 23 15:19:00 PDT 2021","3","BatchId:4419247;OriginalHitTemplateId:928390876;","3600","259200","Fri Apr 30 15:19:00 PDT 2021","","","3TXMY6UCAHYE7YS7FP0Y5XWN16OCQZ","AE6ZTB79U0IGH","Approved","Fri Apr 23 16:24:46 PDT 2021","Fri Apr 23 16:25:14 PDT 2021","Mon Apr 26 16:25:14 PDT 2021","Mon Apr 26 16:25:57 PDT 2021","","","28","100% (24/24)","100% (24/24)","100% (24/24)","https://i.postimg.cc/SspKPTW4/Avatar-Maker.png","https://i.postimg.cc/hPCfG0q8/Avatar-Maker-2.png","Lowered the eyelids and not squinting the eyes.","4","2","Make the eyes smaller"
"3AXFSPQOYS8113AALZ1ORI9HXYHJFX","3M6I6ITMWC45FX8AJBVOLZBA18WQDG","Write a description to transform the left avatar into the right avatar","Given an image of two avatars, write a sentence describing the changes to transform avatar 1 into avatar 2.","image, summarization","$0.01","Fri Apr 23 15:19:00 PDT 2021","3","BatchId:4419247;OriginalHitTemplateId:928390876;","3600","259200","Fri Apr 30 15:19:00 PDT 2021","","","38SKSKU7R47UT4YUFUOOZEVO45ILII","A3NNDNMBKSZ22H","Approved","Fri Apr 23 16:07:26 PDT 2021","Fri Apr 23 16:08:01 PDT 2021","Mon Apr 26 16:08:01 PDT 2021","Mon Apr 26 16:08:57 PDT 2021","","","35","100% (2/2)","100% (2/2)","100% (2/2)","https://i.postimg.cc/SspKPTW4/Avatar-Maker.png","https://i.postimg.cc/ncVXZPNc/Avatar-Maker-3.png","Shifted the mouth into a neutral closed expression.","4","3","make a neutral expression with the mouth."
"3AXFSPQOYS8113AALZ1ORI9HXYHJFX","3M6I6ITMWC45FX8AJBVOLZBA18WQDG","Write a description to transform the left avatar into the right avatar","Given an image of two avatars, write a sentence describing the changes to transform avatar 1 into avatar 2.","image, summarization","$0.01","Fri Apr 23 15:19:00 PDT 2021","3","BatchId:4419247;OriginalHitTemplateId:928390876;","3600","259200","Fri Apr 30 15:19:00 PDT 2021","","","3JW0YLFXRWQS5TUY8PZ59GLCHNKWWT","AJKPWDUFU6KVZ","Approved","Fri Apr 23 16:10:13 PDT 2021","Fri Apr 23 16:11:24 PDT 2021","Mon Apr 26 16:11:24 PDT 2021","Mon Apr 26 16:11:57 PDT 2021","","","71","100% (20/20)","100% (20/20)","100% (20/20)","https://i.postimg.cc/SspKPTW4/Avatar-Maker.png","https://i.postimg.cc/ncVXZPNc/Avatar-Maker-3.png","Shifted the mouth into a neutral closed expression.","4","3","in the first one his mouth make he look bored, in the second one he look normal"
"3AXFSPQOYS8113AALZ1ORI9HXYHJFX","3M6I6ITMWC45FX8AJBVOLZBA18WQDG","Write a description to transform the left avatar into the right avatar","Given an image of two avatars, write a sentence describing the changes to transform avatar 1 into avatar 2.","image, summarization","$0.01","Fri Apr 23 15:19:00 PDT 2021","3","BatchId:4419247;OriginalHitTemplateId:928390876;","3600","259200","Fri Apr 30 15:19:00 PDT 2021","","","3P4MQ7TPP0M8TNYCI77DZOV6XLLBBD","AE6ZTB79U0IGH","Approved","Fri Apr 23 16:13:43 PDT 2021","Fri Apr 23 16:17:35 PDT 2021","Mon Apr 26 16:17:35 PDT 2021","Mon Apr 26 16:17:57 PDT 2021","","","232","100% (24/24)","100% (24/24)","100% (24/24)","https://i.postimg.cc/SspKPTW4/Avatar-Maker.png","https://i.postimg.cc/ncVXZPNc/Avatar-Maker-3.png","Shifted the mouth into a neutral closed expression.","4","3","Slightly lift up the mouth on one side (left side from the perspective of the viewer)"
"39WSF6KUV4VNW01B619NHW53KRCEOT","3M6I6ITMWC45FX8AJBVOLZBA18WQDG","Write a description to transform the left avatar into the right avatar","Given an image of two avatars, write a sentence describing the changes to transform avatar 1 into avatar 2.","image, summarization","$0.01","Fri Apr 23 15:19:00 PDT 2021","3","BatchId:4419247;OriginalHitTemplateId:928390876;","3600","259200","Fri Apr 30 15:19:00 PDT 2021","","","32SCWG5HIKE4R5IR5L86JSE30OOP6Q","AJKPWDUFU6KVZ","Approved","Fri Apr 23 16:09:29 PDT 2021","Fri Apr 23 16:10:04 PDT 2021","Mon Apr 26 16:10:04 PDT 2021","Mon Apr 26 16:10:57 PDT 2021","","","35","100% (20/20)","100% (20/20)","100% (20/20)","https://i.postimg.cc/SspKPTW4/Avatar-Maker.png","https://i.postimg.cc/HkVj87pq/Avatar-Maker-4.png","Lowered the eyebrows and drew them slightly together into an angry expression. Lowered the eyelids and not squinting the eyes.","4","4","in the first one he look bored and in the second on he look angry"
"39WSF6KUV4VNW01B619NHW53KRCEOT","3M6I6ITMWC45FX8AJBVOLZBA18WQDG","Write a description to transform the left avatar into the right avatar","Given an image of two avatars, write a sentence describing the changes to transform avatar 1 into avatar 2.","image, summarization","$0.01","Fri Apr 23 15:19:00 PDT 2021","3","BatchId:4419247;OriginalHitTemplateId:928390876;","3600","259200","Fri Apr 30 15:19:00 PDT 2021","","","336KAV9KYT2AIIRR96SM66Q3OOJ2YA","A33NRKW19AWXM2","Approved","Fri Apr 23 15:23:36 PDT 2021","Fri Apr 23 15:30:50 PDT 2021","Mon Apr 26 15:30:50 PDT 2021","Mon Apr 26 15:30:57 PDT 2021","","","434","100% (6/6)","100% (6/6)","100% (6/6)","https://i.postimg.cc/SspKPTW4/Avatar-Maker.png","https://i.postimg.cc/HkVj87pq/Avatar-Maker-4.png","Lowered the eyebrows and drew them slightly together into an angry expression. Lowered the eyelids and not squinting the eyes.","4","4","This with a more serious expression."
"39WSF6KUV4VNW01B619NHW53KRCEOT","3M6I6ITMWC45FX8AJBVOLZBA18WQDG","Write a description to transform the left avatar into the right avatar","Given an image of two avatars, write a sentence describing the changes to transform avatar 1 into avatar 2.","image, summarization","$0.01","Fri Apr 23 15:19:00 PDT 2021","3","BatchId:4419247;OriginalHitTemplateId:928390876;","3600","259200","Fri Apr 30 15:19:00 PDT 2021","","","3MX2NQ3YCC4DHAK4MT8ILZM66SP5XH","AE6ZTB79U0IGH","Approved","Fri Apr 23 16:27:27 PDT 2021","Fri Apr 23 16:28:02 PDT 2021","Mon Apr 26 16:28:02 PDT 2021","Mon Apr 26 16:28:57 PDT 2021","","","35","100% (24/24)","100% (24/24)","100% (24/24)","https://i.postimg.cc/SspKPTW4/Avatar-Maker.png","https://i.postimg.cc/HkVj87pq/Avatar-Maker-4.png","Lowered the eyebrows and drew them slightly together into an angry expression. Lowered the eyelids and not squinting the eyes.","4","4","Lift the eyebrows to make the person look angrier, squint the eyes a little"
"3126F2F5FAD5H0DCL1M26WATUW8EPA","3M6I6ITMWC45FX8AJBVOLZBA18WQDG","Write a description to transform the left avatar into the right avatar","Given an image of two avatars, write a sentence describing the changes to transform avatar 1 into avatar 2.","image, summarization","$0.01","Fri Apr 23 15:19:00 PDT 2021","3","BatchId:4419247;OriginalHitTemplateId:928390876;","3600","259200","Fri Apr 30 15:19:00 PDT 2021","","","30LB5CDZNFK3RYYIQ5QR1P6QXKFZ0Q","A1UBLIWJ572DMH","Approved","Fri Apr 23 16:44:31 PDT 2021","Fri Apr 23 16:45:02 PDT 2021","Mon Apr 26 16:45:02 PDT 2021","Mon Apr 26 16:45:57 PDT 2021","","","31","100% (21/21)","100% (21/21)","100% (21/21)","https://i.postimg.cc/SspKPTW4/Avatar-Maker.png","https://i.postimg.cc/DzGZBk45/Avatar-Maker-5.png","Lowered the eyelids and not squinting the eyes. Shifted the mouth into a neutral closed expression.","4","5","Left avatar must close eyelids slightly"
"3126F2F5FAD5H0DCL1M26WATUW8EPA","3M6I6ITMWC45FX8AJBVOLZBA18WQDG","Write a description to transform the left avatar into the right avatar","Given an image of two avatars, write a sentence describing the changes to transform avatar 1 into avatar 2.","image, summarization","$0.01","Fri Apr 23 15:19:00 PDT 2021","3","BatchId:4419247;OriginalHitTemplateId:928390876;","3600","259200","Fri Apr 30 15:19:00 PDT 2021","","","3ERMJ6L4D12HA2ZJWFL682K4QVP7M5","A24JKHC4HTY6CD","Approved","Fri Apr 23 20:35:25 PDT 2021","Fri Apr 23 20:35:35 PDT 2021","Mon Apr 26 20:35:35 PDT 2021","Mon Apr 26 20:36:02 PDT 2021","","","10","100% (2/2)","100% (2/2)","100% (2/2)","https://i.postimg.cc/SspKPTW4/Avatar-Maker.png","https://i.postimg.cc/DzGZBk45/Avatar-Maker-5.png","Lowered the eyelids and not squinting the eyes. Shifted the mouth into a neutral closed expression.","4","5","BEARD"
"3126F2F5FAD5H0DCL1M26WATUW8EPA","3M6I6ITMWC45FX8AJBVOLZBA18WQDG","Write a description to transform the left avatar into the right avatar","Given an image of two avatars, write a sentence describing the changes to transform avatar 1 into avatar 2.","image, summarization","$0.01","Fri Apr 23 15:19:00 PDT 2021","3","BatchId:4419247;OriginalHitTemplateId:928390876;","3600","259200","Fri Apr 30 15:19:00 PDT 2021","","","3NG53N1RLYTRVJ1FY05436AU6KV8PE","A3B0AB2C9SIHN","Approved","Fri Apr 23 18:08:09 PDT 2021","Fri Apr 23 18:09:13 PDT 2021","Mon Apr 26 18:09:13 PDT 2021","Mon Apr 26 18:10:02 PDT 2021","","","64","100% (16/16)","100% (16/16)","100% (16/16)","https://i.postimg.cc/SspKPTW4/Avatar-Maker.png","https://i.postimg.cc/DzGZBk45/Avatar-Maker-5.png","Lowered the eyelids and not squinting the eyes. Shifted the mouth into a neutral closed expression.","4","5","The eyes to be shaped and lips must straight"
"36GJS3V78X07F365WJ76939TYDHJGW","3M6I6ITMWC45FX8AJBVOLZBA18WQDG","Write a description to transform the left avatar into the right avatar","Given an image of two avatars, write a sentence describing the changes to transform avatar 1 into avatar 2.","image, summarization","$0.01","Fri Apr 23 15:19:00 PDT 2021","3","BatchId:4419247;OriginalHitTemplateId:928390876;","3600","259200","Fri Apr 30 15:19:00 PDT 2021","","","32VNZTT0AAEBOVUSZPJGRPU45F9R42","AE6ZTB79U0IGH","Approved","Fri Apr 23 16:28:59 PDT 2021","Fri Apr 23 16:29:14 PDT 2021","Mon Apr 26 16:29:14 PDT 2021","Mon Apr 26 16:29:57 PDT 2021","","","15","100% (24/24)","100% (24/24)","100% (24/24)","https://i.postimg.cc/SspKPTW4/Avatar-Maker.png","https://i.postimg.cc/d1m0c2By/Avatar-Maker-6.png","Lowered the eyebrows and drew them slightly together into an angry expression. Shifted the mouth into a neutral closed expression.","4","6","Straighten the mouth"
"36GJS3V78X07F365WJ76939TYDHJGW","3M6I6ITMWC45FX8AJBVOLZBA18WQDG","Write a description to transform the left avatar into the right avatar","Given an image of two avatars, write a sentence describing the changes to transform avatar 1 into avatar 2.","image, summarization","$0.01","Fri Apr 23 15:19:00 PDT 2021","3","BatchId:4419247;OriginalHitTemplateId:928390876;","3600","259200","Fri Apr 30 15:19:00 PDT 2021","","","3LO69W1SU6NGXDSZP6OLE2I8PSOGLJ","A2JXPT39AWRES7","Approved","Fri Apr 23 15:53:54 PDT 2021","Fri Apr 23 15:54:43 PDT 2021","Mon Apr 26 15:54:43 PDT 2021","Mon Apr 26 15:54:57 PDT 2021","","","49","100% (2/2)","100% (2/2)","100% (2/2)","https://i.postimg.cc/SspKPTW4/Avatar-Maker.png","https://i.postimg.cc/d1m0c2By/Avatar-Maker-6.png","Lowered the eyebrows and drew them slightly together into an angry expression. Shifted the mouth into a neutral closed expression.","4","6","The eyebrows are raised a bit on the outside and pointed inwards toward the nose on the inisde."
"36GJS3V78X07F365WJ76939TYDHJGW","3M6I6ITMWC45FX8AJBVOLZBA18WQDG","Write a description to transform the left avatar into the right avatar","Given an image of two avatars, write a sentence describing the changes to transform avatar 1 into avatar 2.","image, summarization","$0.01","Fri Apr 23 15:19:00 PDT 2021","3","BatchId:4419247;OriginalHitTemplateId:928390876;","3600","259200","Fri Apr 30 15:19:00 PDT 2021","","","3V0Z7YWSI1ATEOWM4V52Z7M967GV2T","A33NRKW19AWXM2","Approved","Fri Apr 23 15:19:48 PDT 2021","Fri Apr 23 15:26:21 PDT 2021","Mon Apr 26 15:26:21 PDT 2021","Mon Apr 26 15:26:57 PDT 2021","","","393","100% (6/6)","100% (6/6)","100% (6/6)","https://i.postimg.cc/SspKPTW4/Avatar-Maker.png","https://i.postimg.cc/d1m0c2By/Avatar-Maker-6.png","Lowered the eyebrows and drew them slightly together into an angry expression. Shifted the mouth into a neutral closed expression.","4","6","The eyebrow rose and the mouth normalized."
"37G6BXQPLSVQHCERLE1R6103ZSUEQ1","3M6I6ITMWC45FX8AJBVOLZBA18WQDG","Write a description to transform the left avatar into the right avatar","Given an image of two avatars, write a sentence describing the changes to transform avatar 1 into avatar 2.","image, summarization","$0.01","Fri Apr 23 15:19:00 PDT 2021","3","BatchId:4419247;OriginalHitTemplateId:928390876;","3600","259200","Fri Apr 30 15:19:00 PDT 2021","","","38F71OA9GW6UPVEPEYJIWUXLOIIFMP","AE6ZTB79U0IGH","Approved","Fri Apr 23 16:19:25 PDT 2021","Fri Apr 23 16:20:23 PDT 2021","Mon Apr 26 16:20:23 PDT 2021","Mon Apr 26 16:20:57 PDT 2021","","","58","100% (24/24)","100% (24/24)","100% (24/24)","https://i.postimg.cc/SspKPTW4/Avatar-Maker.png","https://i.postimg.cc/rw3s1FsK/Avatar-Maker-7.png","Lowered the eyebrows and drew them slightly together into an angry expression. Lowered the eyelids and not squinting the eyes. Shifted the mouth into a neutral closed expression.","4","7","Straighten the mouth, make the eyes look angrier, lift up the ends of the eyebrows a bit"
"37G6BXQPLSVQHCERLE1R6103ZSUEQ1","3M6I6ITMWC45FX8AJBVOLZBA18WQDG","Write a description to transform the left avatar into the right avatar","Given an image of two avatars, write a sentence describing the changes to transform avatar 1 into avatar 2.","image, summarization","$0.01","Fri Apr 23 15:19:00 PDT 2021","3","BatchId:4419247;OriginalHitTemplateId:928390876;","3600","259200","Fri Apr 30 15:19:00 PDT 2021","","","3GNCZX450LX5E7UUVYPIZXGPW7MAP9","A1UBLIWJ572DMH","Approved","Fri Apr 23 16:56:23 PDT 2021","Fri Apr 23 16:57:19 PDT 2021","Mon Apr 26 16:57:19 PDT 2021","Mon Apr 26 16:57:57 PDT 2021","","","56","100% (21/21)","100% (21/21)","100% (21/21)","https://i.postimg.cc/SspKPTW4/Avatar-Maker.png","https://i.postimg.cc/rw3s1FsK/Avatar-Maker-7.png","Lowered the eyebrows and drew them slightly together into an angry expression. Lowered the eyelids and not squinting the eyes. Shifted the mouth into a neutral closed expression.","4","7","Left avatar must adjust his eyebrow position from a relaxed position to a slightly angry position. He must also close his eyes slightly. Finally he must adjust his mouth position from a slight grimace to a pursed disapproving look"
"37G6BXQPLSVQHCERLE1R6103ZSUEQ1","3M6I6ITMWC45FX8AJBVOLZBA18WQDG","Write a description to transform the left avatar into the right avatar","Given an image of two avatars, write a sentence describing the changes to transform avatar 1 into avatar 2.","image, summarization","$0.01","Fri Apr 23 15:19:00 PDT 2021","3","BatchId:4419247;OriginalHitTemplateId:928390876;","3600","259200","Fri Apr 30 15:19:00 PDT 2021","","","3QXNC7EIPL5OL7G5M7WSO14XII090W","A3E3R2Y577HGEN","Approved","Fri Apr 23 17:58:13 PDT 2021","Fri Apr 23 18:12:49 PDT 2021","Mon Apr 26 18:12:49 PDT 2021","Mon Apr 26 18:13:03 PDT 2021","","","876","100% (1/1)","100% (1/1)","100% (1/1)","https://i.postimg.cc/SspKPTW4/Avatar-Maker.png","https://i.postimg.cc/rw3s1FsK/Avatar-Maker-7.png","Lowered the eyebrows and drew them slightly together into an angry expression. Lowered the eyelids and not squinting the eyes. Shifted the mouth into a neutral closed expression.","4","7","He should change the mood a little more angry so that his eyes and eyebrows show up like the left"
"3EQPA8A376676K1AMBVVUAPZ93AZJ0","3M6I6ITMWC45FX8AJBVOLZBA18WQDG","Write a description to transform the left avatar into the right avatar","Given an image of two avatars, write a sentence describing the changes to transform avatar 1 into avatar 2.","image, summarization","$0.01","Fri Apr 23 15:19:00 PDT 2021","3","BatchId:4419247;OriginalHitTemplateId:928390876;","3600","259200","Fri Apr 30 15:19:00 PDT 2021","","","3C5W7UE9CI0BPH5AESP421XSSNAMXJ","AJKPWDUFU6KVZ","Approved","Fri Apr 23 15:51:55 PDT 2021","Fri Apr 23 15:53:38 PDT 2021","Mon Apr 26 15:53:38 PDT 2021","Mon Apr 26 15:53:57 PDT 2021","","","103","100% (20/20)","100% (20/20)","100% (20/20)","https://i.postimg.cc/mkmCBfwC/Avatar-Maker.png","https://i.postimg.cc/Kv9DyLqw/Avatar-Maker-1.png","Made the eyebrows more round and curved in a neutral position.","5","1","the shape of his eyebrown in the first picture make him look angry, and in the second one he look normal"
"3EQPA8A376676K1AMBVVUAPZ93AZJ0","3M6I6ITMWC45FX8AJBVOLZBA18WQDG","Write a description to transform the left avatar into the right avatar","Given an image of two avatars, write a sentence describing the changes to transform avatar 1 into avatar 2.","image, summarization","$0.01","Fri Apr 23 15:19:00 PDT 2021","3","BatchId:4419247;OriginalHitTemplateId:928390876;","3600","259200","Fri Apr 30 15:19:00 PDT 2021","","","3F0BG9B9MSXH4JOXFI9H2X7BZ4HY7Y","A1UBLIWJ572DMH","Approved","Fri Apr 23 16:48:52 PDT 2021","Fri Apr 23 16:49:30 PDT 2021","Mon Apr 26 16:49:30 PDT 2021","Mon Apr 26 16:49:57 PDT 2021","","","38","100% (21/21)","100% (21/21)","100% (21/21)","https://i.postimg.cc/mkmCBfwC/Avatar-Maker.png","https://i.postimg.cc/Kv9DyLqw/Avatar-Maker-1.png","Made the eyebrows more round and curved in a neutral position.","5","1","Left avatar must adjust his eyebrow position to a more relaxed and natural and less intense position"
"3EQPA8A376676K1AMBVVUAPZ93AZJ0","3M6I6ITMWC45FX8AJBVOLZBA18WQDG","Write a description to transform the left avatar into the right avatar","Given an image of two avatars, write a sentence describing the changes to transform avatar 1 into avatar 2.","image, summarization","$0.01","Fri Apr 23 15:19:00 PDT 2021","3","BatchId:4419247;OriginalHitTemplateId:928390876;","3600","259200","Fri Apr 30 15:19:00 PDT 2021","","","3GU1KF0O4LBAXHZM1CPEU80VEP1BPZ","AE6ZTB79U0IGH","Approved","Fri Apr 23 16:21:08 PDT 2021","Fri Apr 23 16:21:37 PDT 2021","Mon Apr 26 16:21:37 PDT 2021","Mon Apr 26 16:21:57 PDT 2021","","","29","100% (24/24)","100% (24/24)","100% (24/24)","https://i.postimg.cc/mkmCBfwC/Avatar-Maker.png","https://i.postimg.cc/Kv9DyLqw/Avatar-Maker-1.png","Made the eyebrows more round and curved in a neutral position.","5","1","Curve the eyebrows"
"3PR3LXCWSH9TVDOMZHGX8VVL5Y19XJ","3M6I6ITMWC45FX8AJBVOLZBA18WQDG","Write a description to transform the left avatar into the right avatar","Given an image of two avatars, write a sentence describing the changes to transform avatar 1 into avatar 2.","image, summarization","$0.01","Fri Apr 23 15:19:00 PDT 2021","3","BatchId:4419247;OriginalHitTemplateId:928390876;","3600","259200","Fri Apr 30 15:19:00 PDT 2021","","","39GXDJN2OWO403YBKCE39YZCS7GV84","AE6ZTB79U0IGH","Approved","Fri Apr 23 16:18:25 PDT 2021","Fri Apr 23 16:19:25 PDT 2021","Mon Apr 26 16:19:25 PDT 2021","Mon Apr 26 16:19:57 PDT 2021","","","60","100% (24/24)","100% (24/24)","100% (24/24)","https://i.postimg.cc/mkmCBfwC/Avatar-Maker.png","https://i.postimg.cc/vZcL8BCB/Avatar-Maker-2.png","Changed the eyes to be softer and more slanted and with no eyelashes.","5","2","Make the eyes smaller and more slanted"
"3PR3LXCWSH9TVDOMZHGX8VVL5Y19XJ","3M6I6ITMWC45FX8AJBVOLZBA18WQDG","Write a description to transform the left avatar into the right avatar","Given an image of two avatars, write a sentence describing the changes to transform avatar 1 into avatar 2.","image, summarization","$0.01","Fri Apr 23 15:19:00 PDT 2021","3","BatchId:4419247;OriginalHitTemplateId:928390876;","3600","259200","Fri Apr 30 15:19:00 PDT 2021","","","3IAS3U3I0IQE5AYGZEE2YVS23FEB2H","A1UBLIWJ572DMH","Approved","Fri Apr 23 16:47:36 PDT 2021","Fri Apr 23 16:48:15 PDT 2021","Mon Apr 26 16:48:15 PDT 2021","Mon Apr 26 16:48:57 PDT 2021","","","39","100% (21/21)","100% (21/21)","100% (21/21)","https://i.postimg.cc/mkmCBfwC/Avatar-Maker.png","https://i.postimg.cc/vZcL8BCB/Avatar-Maker-2.png","Changed the eyes to be softer and more slanted and with no eyelashes.","5","2","Left avatar must lose the intensity of his stare and let his eyes relax and droop slightly"
"3PR3LXCWSH9TVDOMZHGX8VVL5Y19XJ","3M6I6ITMWC45FX8AJBVOLZBA18WQDG","Write a description to transform the left avatar into the right avatar","Given an image of two avatars, write a sentence describing the changes to transform avatar 1 into avatar 2.","image, summarization","$0.01","Fri Apr 23 15:19:00 PDT 2021","3","BatchId:4419247;OriginalHitTemplateId:928390876;","3600","259200","Fri Apr 30 15:19:00 PDT 2021","","","3TXD01ZLD7R34NM93JELW0HOCFQU4O","A3B0AB2C9SIHN","Approved","Fri Apr 23 18:06:39 PDT 2021","Fri Apr 23 18:07:37 PDT 2021","Mon Apr 26 18:07:37 PDT 2021","Mon Apr 26 18:08:02 PDT 2021","","","58","100% (16/16)","100% (16/16)","100% (16/16)","https://i.postimg.cc/mkmCBfwC/Avatar-Maker.png","https://i.postimg.cc/vZcL8BCB/Avatar-Maker-2.png","Changed the eyes to be softer and more slanted and with no eyelashes.","5","2","The eyes little bit shaped and small"
"368IUKXGA7I14LKXFJ34U8IGDYK6PH","3M6I6ITMWC45FX8AJBVOLZBA18WQDG","Write a description to transform the left avatar into the right avatar","Given an image of two avatars, write a sentence describing the changes to transform avatar 1 into avatar 2.","image, summarization","$0.01","Fri Apr 23 15:19:00 PDT 2021","3","BatchId:4419247;OriginalHitTemplateId:928390876;","3600","259200","Fri Apr 30 15:19:00 PDT 2021","","","3180JW2OT7MCMQFF5PTHUQERVU5J52","AJKPWDUFU6KVZ","Approved","Fri Apr 23 15:54:31 PDT 2021","Fri Apr 23 15:55:20 PDT 2021","Mon Apr 26 15:55:20 PDT 2021","Mon Apr 26 15:55:57 PDT 2021","","","49","100% (20/20)","100% (20/20)","100% (20/20)","https://i.postimg.cc/mkmCBfwC/Avatar-Maker.png","https://i.postimg.cc/QdwgFDrq/Avatar-Maker-3.png","Changed the mouth to be an open smile.","5","3","in the first one he look angry, and in the second one his mouth make him look evil"
"368IUKXGA7I14LKXFJ34U8IGDYK6PH","3M6I6ITMWC45FX8AJBVOLZBA18WQDG","Write a description to transform the left avatar into the right avatar","Given an image of two avatars, write a sentence describing the changes to transform avatar 1 into avatar 2.","image, summarization","$0.01","Fri Apr 23 15:19:00 PDT 2021","3","BatchId:4419247;OriginalHitTemplateId:928390876;","3600","259200","Fri Apr 30 15:19:00 PDT 2021","","","338JKRMM299D1QW6CLHDQOEYAHSHAT","AHOMF1C0WQ5EN","Approved","Fri Apr 23 19:45:18 PDT 2021","Fri Apr 23 19:45:40 PDT 2021","Mon Apr 26 19:45:40 PDT 2021","Mon Apr 26 19:46:02 PDT 2021","","","22","100% (1/1)","100% (1/1)","100% (1/1)","https://i.postimg.cc/mkmCBfwC/Avatar-Maker.png","https://i.postimg.cc/QdwgFDrq/Avatar-Maker-3.png","Changed the mouth to be an open smile.","5","3","The left avatar needs to smile."
"368IUKXGA7I14LKXFJ34U8IGDYK6PH","3M6I6ITMWC45FX8AJBVOLZBA18WQDG","Write a description to transform the left avatar into the right avatar","Given an image of two avatars, write a sentence describing the changes to transform avatar 1 into avatar 2.","image, summarization","$0.01","Fri Apr 23 15:19:00 PDT 2021","3","BatchId:4419247;OriginalHitTemplateId:928390876;","3600","259200","Fri Apr 30 15:19:00 PDT 2021","","","3X1FV8S5J01JTI4T3AQR1BGAGR9VG2","A3B0AB2C9SIHN","Approved","Fri Apr 23 18:15:30 PDT 2021","Fri Apr 23 18:16:11 PDT 2021","Mon Apr 26 18:16:11 PDT 2021","Mon Apr 26 18:17:02 PDT 2021","","","41","100% (16/16)","100% (16/16)","100% (16/16)","https://i.postimg.cc/mkmCBfwC/Avatar-Maker.png","https://i.postimg.cc/QdwgFDrq/Avatar-Maker-3.png","Changed the mouth to be an open smile.","5","3","make the mouth open and smily"
"3KTCJ4SCVIB0CWMNHXZVI8X40IT1MI","3M6I6ITMWC45FX8AJBVOLZBA18WQDG","Write a description to transform the left avatar into the right avatar","Given an image of two avatars, write a sentence describing the changes to transform avatar 1 into avatar 2.","image, summarization","$0.01","Fri Apr 23 15:19:00 PDT 2021","3","BatchId:4419247;OriginalHitTemplateId:928390876;","3600","259200","Fri Apr 30 15:19:00 PDT 2021","","","354P56DE9NDK8XCOGCHSKBJAIJ8S71","A33NRKW19AWXM2","Approved","Fri Apr 23 15:19:18 PDT 2021","Fri Apr 23 15:20:28 PDT 2021","Mon Apr 26 15:20:28 PDT 2021","Mon Apr 26 15:20:57 PDT 2021","","","70","100% (6/6)","100% (6/6)","100% (6/6)","https://i.postimg.cc/mkmCBfwC/Avatar-Maker.png","https://i.postimg.cc/mr9YMnLW/Avatar-Maker-4.png","Made the eyebrows more round and curved in a neutral position. Changed the eyes to be softer and more slanted and with no eyelashes.","5","4","The second avatar will have curved eyebrows."
"3KTCJ4SCVIB0CWMNHXZVI8X40IT1MI","3M6I6ITMWC45FX8AJBVOLZBA18WQDG","Write a description to transform the left avatar into the right avatar","Given an image of two avatars, write a sentence describing the changes to transform avatar 1 into avatar 2.","image, summarization","$0.01","Fri Apr 23 15:19:00 PDT 2021","3","BatchId:4419247;OriginalHitTemplateId:928390876;","3600","259200","Fri Apr 30 15:19:00 PDT 2021","","","3HPZF4IVNP3NG0JT6ZHSIJZP0G3YCO","A30E6BRW46XJJB","Approved","Fri Apr 23 23:21:20 PDT 2021","Fri Apr 23 23:21:45 PDT 2021","Mon Apr 26 23:21:45 PDT 2021","Mon Apr 26 23:22:02 PDT 2021","","","25","100% (1/1)","100% (1/1)","100% (1/1)","https://i.postimg.cc/mkmCBfwC/Avatar-Maker.png","https://i.postimg.cc/mr9YMnLW/Avatar-Maker-4.png","Made the eyebrows more round and curved in a neutral position. Changed the eyes to be softer and more slanted and with no eyelashes.","5","4","The man is no longer angry; his face becomes calm."
"3KTCJ4SCVIB0CWMNHXZVI8X40IT1MI","3M6I6ITMWC45FX8AJBVOLZBA18WQDG","Write a description to transform the left avatar into the right avatar","Given an image of two avatars, write a sentence describing the changes to transform avatar 1 into avatar 2.","image, summarization","$0.01","Fri Apr 23 15:19:00 PDT 2021","3","BatchId:4419247;OriginalHitTemplateId:928390876;","3600","259200","Fri Apr 30 15:19:00 PDT 2021","","","3RSDURM96DW2DY372QNN87ZSLSVEYC","A3B0AB2C9SIHN","Approved","Fri Apr 23 18:00:07 PDT 2021","Fri Apr 23 18:01:25 PDT 2021","Mon Apr 26 18:01:25 PDT 2021","Mon Apr 26 18:02:02 PDT 2021","","","78","100% (16/16)","100% (16/16)","100% (16/16)","https://i.postimg.cc/mkmCBfwC/Avatar-Maker.png","https://i.postimg.cc/mr9YMnLW/Avatar-Maker-4.png","Made the eyebrows more round and curved in a neutral position. Changed the eyes to be softer and more slanted and with no eyelashes.","5","4","shorten the eyebrows and shape the eyes little bit round"
"3CMIQF80GP0M4XLCFWITUD8QIU66Q8","3M6I6ITMWC45FX8AJBVOLZBA18WQDG","Write a description to transform the left avatar into the right avatar","Given an image of two avatars, write a sentence describing the changes to transform avatar 1 into avatar 2.","image, summarization","$0.01","Fri Apr 23 15:19:00 PDT 2021","3","BatchId:4419247;OriginalHitTemplateId:928390876;","3600","259200","Fri Apr 30 15:19:00 PDT 2021","","","35H6S234SDA0YV08L6ZSLM9M9OH65F","A33NRKW19AWXM2","Approved","Fri Apr 23 15:20:51 PDT 2021","Fri Apr 23 15:29:17 PDT 2021","Mon Apr 26 15:29:17 PDT 2021","Mon Apr 26 15:29:57 PDT 2021","","","506","100% (6/6)","100% (6/6)","100% (6/6)","https://i.postimg.cc/mkmCBfwC/Avatar-Maker.png","https://i.postimg.cc/JnWbQQ0D/Avatar-Maker-5.png","Changed the eyes to be softer and more slanted and with no eyelashes. Changed the mouth to be an open smile.","5","5","The eyes and mouth are more smiling"
"3CMIQF80GP0M4XLCFWITUD8QIU66Q8","3M6I6ITMWC45FX8AJBVOLZBA18WQDG","Write a description to transform the left avatar into the right avatar","Given an image of two avatars, write a sentence describing the changes to transform avatar 1 into avatar 2.","image, summarization","$0.01","Fri Apr 23 15:19:00 PDT 2021","3","BatchId:4419247;OriginalHitTemplateId:928390876;","3600","259200","Fri Apr 30 15:19:00 PDT 2021","","","39RP059MEK34CE299WXMD4609KQMBE","AE6ZTB79U0IGH","Approved","Fri Apr 23 16:22:07 PDT 2021","Fri Apr 23 16:22:31 PDT 2021","Mon Apr 26 16:22:31 PDT 2021","Mon Apr 26 16:22:57 PDT 2021","","","24","100% (24/24)","100% (24/24)","100% (24/24)","https://i.postimg.cc/mkmCBfwC/Avatar-Maker.png","https://i.postimg.cc/JnWbQQ0D/Avatar-Maker-5.png","Changed the eyes to be softer and more slanted and with no eyelashes. Changed the mouth to be an open smile.","5","5","Make the eyes smaller, slant them, and open the mouth to reveal teeth while smiling"
"3CMIQF80GP0M4XLCFWITUD8QIU66Q8","3M6I6ITMWC45FX8AJBVOLZBA18WQDG","Write a description to transform the left avatar into the right avatar","Given an image of two avatars, write a sentence describing the changes to transform avatar 1 into avatar 2.","image, summarization","$0.01","Fri Apr 23 15:19:00 PDT 2021","3","BatchId:4419247;OriginalHitTemplateId:928390876;","3600","259200","Fri Apr 30 15:19:00 PDT 2021","","","3KB8R4ZV1HH4K46NYTZR0ZM3DYJBG0","A1UBLIWJ572DMH","Approved","Fri Apr 23 16:48:15 PDT 2021","Fri Apr 23 16:48:52 PDT 2021","Mon Apr 26 16:48:52 PDT 2021","Mon Apr 26 16:48:57 PDT 2021","","","37","100% (21/21)","100% (21/21)","100% (21/21)","https://i.postimg.cc/mkmCBfwC/Avatar-Maker.png","https://i.postimg.cc/JnWbQQ0D/Avatar-Maker-5.png","Changed the eyes to be softer and more slanted and with no eyelashes. Changed the mouth to be an open smile.","5","5","Left avatar must adjust his eye position to a more relaxed and drooped position, also he must smile widely and expose his teeth"
"3FHTJGYT8PA31E93RWCQ6ZV57CNGPT","3M6I6ITMWC45FX8AJBVOLZBA18WQDG","Write a description to transform the left avatar into the right avatar","Given an image of two avatars, write a sentence describing the changes to transform avatar 1 into avatar 2.","image, summarization","$0.01","Fri Apr 23 15:19:00 PDT 2021","3","BatchId:4419247;OriginalHitTemplateId:928390876;","3600","259200","Fri Apr 30 15:19:00 PDT 2021","","","354P56DE9NDK8XCOGCHSKBJAIJI7SQ","AE6ZTB79U0IGH","Approved","Fri Apr 23 16:25:14 PDT 2021","Fri Apr 23 16:25:42 PDT 2021","Mon Apr 26 16:25:42 PDT 2021","Mon Apr 26 16:25:57 PDT 2021","","","28","100% (24/24)","100% (24/24)","100% (24/24)","https://i.postimg.cc/mkmCBfwC/Avatar-Maker.png","https://i.postimg.cc/4yfVDNzX/Avatar-Maker-6.png","Made the eyebrows more round and curved in a neutral position. Changed the mouth to be an open smile.","5","6","Open the mouth to show teeth and make the eyebrows curved"
"3FHTJGYT8PA31E93RWCQ6ZV57CNGPT","3M6I6ITMWC45FX8AJBVOLZBA18WQDG","Write a description to transform the left avatar into the right avatar","Given an image of two avatars, write a sentence describing the changes to transform avatar 1 into avatar 2.","image, summarization","$0.01","Fri Apr 23 15:19:00 PDT 2021","3","BatchId:4419247;OriginalHitTemplateId:928390876;","3600","259200","Fri Apr 30 15:19:00 PDT 2021","","","3NKQQ8O391FG4J52WUFEZ4BUPR2UDI","AJKPWDUFU6KVZ","Approved","Fri Apr 23 16:03:09 PDT 2021","Fri Apr 23 16:03:56 PDT 2021","Mon Apr 26 16:03:56 PDT 2021","Mon Apr 26 16:03:57 PDT 2021","","","47","100% (20/20)","100% (20/20)","100% (20/20)","https://i.postimg.cc/mkmCBfwC/Avatar-Maker.png","https://i.postimg.cc/4yfVDNzX/Avatar-Maker-6.png","Made the eyebrows more round and curved in a neutral position. Changed the mouth to be an open smile.","5","6","in the first one he look angry because of his eyebrowns, in the second one he looks happy because of his smile"
"3FHTJGYT8PA31E93RWCQ6ZV57CNGPT","3M6I6ITMWC45FX8AJBVOLZBA18WQDG","Write a description to transform the left avatar into the right avatar","Given an image of two avatars, write a sentence describing the changes to transform avatar 1 into avatar 2.","image, summarization","$0.01","Fri Apr 23 15:19:00 PDT 2021","3","BatchId:4419247;OriginalHitTemplateId:928390876;","3600","259200","Fri Apr 30 15:19:00 PDT 2021","","","3UOUJI6MTGOU2PAJNUGQTBEM59MXUV","A1UBLIWJ572DMH","Approved","Fri Apr 23 16:55:04 PDT 2021","Fri Apr 23 16:55:36 PDT 2021","Mon Apr 26 16:55:36 PDT 2021","Mon Apr 26 16:55:57 PDT 2021","","","32","100% (21/21)","100% (21/21)","100% (21/21)","https://i.postimg.cc/mkmCBfwC/Avatar-Maker.png","https://i.postimg.cc/4yfVDNzX/Avatar-Maker-6.png","Made the eyebrows more round and curved in a neutral position. Changed the mouth to be an open smile.","5","6","Left avatar should change is either Sission or from a stern position to a relaxed position. He must also smile and expose his teeth"
"3QMELQS6Y7LMGY0CSB7TZ3IVEG86R9","3M6I6ITMWC45FX8AJBVOLZBA18WQDG","Write a description to transform the left avatar into the right avatar","Given an image of two avatars, write a sentence describing the changes to transform avatar 1 into avatar 2.","image, summarization","$0.01","Fri Apr 23 15:19:00 PDT 2021","3","BatchId:4419247;OriginalHitTemplateId:928390876;","3600","259200","Fri Apr 30 15:19:00 PDT 2021","","","3KIBXJ1WD84T5KRFSPPS4BEVREJKOG","A1UBLIWJ572DMH","Approved","Fri Apr 23 16:54:07 PDT 2021","Fri Apr 23 16:55:04 PDT 2021","Mon Apr 26 16:55:04 PDT 2021","Mon Apr 26 16:55:57 PDT 2021","","","57","100% (21/21)","100% (21/21)","100% (21/21)","https://i.postimg.cc/mkmCBfwC/Avatar-Maker.png","https://i.postimg.cc/4dbp2hH8/Avatar-Maker-7.png","Made the eyebrows more round and curved in a neutral position. Changed the eyes to be softer and more slanted and with no eyelashes. Changed the mouth to be an open smile.","5","7","Left avatar must change his eyebrow position from a stern position to a relaxed position then he needs to close his eyes a bit and relax them into a more drooped position. Then he needs to smile and expose his teeth"
"3QMELQS6Y7LMGY0CSB7TZ3IVEG86R9","3M6I6ITMWC45FX8AJBVOLZBA18WQDG","Write a description to transform the left avatar into the right avatar","Given an image of two avatars, write a sentence describing the changes to transform avatar 1 into avatar 2.","image, summarization","$0.01","Fri Apr 23 15:19:00 PDT 2021","3","BatchId:4419247;OriginalHitTemplateId:928390876;","3600","259200","Fri Apr 30 15:19:00 PDT 2021","","","3M81GAB8A3TVXT011P43UDQ5JLLQB3","AJKPWDUFU6KVZ","Approved","Fri Apr 23 16:07:56 PDT 2021","Fri Apr 23 16:08:30 PDT 2021","Mon Apr 26 16:08:30 PDT 2021","Mon Apr 26 16:08:57 PDT 2021","","","34","100% (20/20)","100% (20/20)","100% (20/20)","https://i.postimg.cc/mkmCBfwC/Avatar-Maker.png","https://i.postimg.cc/4dbp2hH8/Avatar-Maker-7.png","Made the eyebrows more round and curved in a neutral position. Changed the eyes to be softer and more slanted and with no eyelashes. Changed the mouth to be an open smile.","5","7","in the first one he look angry, and in the second he look happy because of his smile"
"3QMELQS6Y7LMGY0CSB7TZ3IVEG86R9","3M6I6ITMWC45FX8AJBVOLZBA18WQDG","Write a description to transform the left avatar into the right avatar","Given an image of two avatars, write a sentence describing the changes to transform avatar 1 into avatar 2.","image, summarization","$0.01","Fri Apr 23 15:19:00 PDT 2021","3","BatchId:4419247;OriginalHitTemplateId:928390876;","3600","259200","Fri Apr 30 15:19:00 PDT 2021","","","3RXPCZQMQSL376OVWW62UN9URN2G1Y","A3B0AB2C9SIHN","Approved","Fri Apr 23 18:12:11 PDT 2021","Fri Apr 23 18:13:03 PDT 2021","Mon Apr 26 18:13:03 PDT 2021","Mon Apr 26 18:13:04 PDT 2021","","","52","100% (16/16)","100% (16/16)","100% (16/16)","https://i.postimg.cc/mkmCBfwC/Avatar-Maker.png","https://i.postimg.cc/4dbp2hH8/Avatar-Maker-7.png","Made the eyebrows more round and curved in a neutral position. Changed the eyes to be softer and more slanted and with no eyelashes. Changed the mouth to be an open smile.","5","7","make the mouth open and smily shape the eyebrows and eyes"